experiment,step,total_steps,loss,ppl
A_distill_baseline_13M_2ep,1,3096,9.1308,9235
A_distill_baseline_13M_2ep,2,3096,8.8220,6782
A_distill_baseline_13M_2ep,3,3096,8.8067,6679
A_distill_baseline_13M_2ep,4,3096,8.7928,6587
A_distill_baseline_13M_2ep,5,3096,8.7143,6090
A_distill_baseline_13M_2ep,6,3096,8.7101,6064
A_distill_baseline_13M_2ep,7,3096,8.6611,5774
A_distill_baseline_13M_2ep,8,3096,8.5697,5270
A_distill_baseline_13M_2ep,9,3096,8.5573,5205
A_distill_baseline_13M_2ep,10,3096,8.5499,5166
A_distill_baseline_13M_2ep,50,3096,7.5138,1833
A_distill_baseline_13M_2ep,100,3096,6.5208,679
A_distill_baseline_13M_2ep,150,3096,5.8270,339
A_distill_baseline_13M_2ep,200,3096,4.9320,139
A_distill_baseline_13M_2ep,250,3096,4.4909,89
A_distill_baseline_13M_2ep,300,3096,4.0035,55
A_distill_baseline_13M_2ep,350,3096,3.8588,47
A_distill_baseline_13M_2ep,400,3096,3.3409,28
A_distill_baseline_13M_2ep,450,3096,3.3877,30
A_distill_baseline_13M_2ep,500,3096,3.0071,20
A_distill_baseline_13M_2ep,550,3096,3.0557,21
A_distill_baseline_13M_2ep,600,3096,2.8064,17
A_distill_baseline_13M_2ep,650,3096,2.7746,16
A_distill_baseline_13M_2ep,700,3096,2.5723,13
A_distill_baseline_13M_2ep,750,3096,2.6283,14
A_distill_baseline_13M_2ep,800,3096,2.6128,14
A_distill_baseline_13M_2ep,850,3096,2.4817,12
A_distill_baseline_13M_2ep,900,3096,2.5234,12
A_distill_baseline_13M_2ep,950,3096,2.3292,10
A_distill_baseline_13M_2ep,1000,3096,2.2809,10
A_distill_baseline_13M_2ep,1050,3096,2.2862,10
A_distill_baseline_13M_2ep,1100,3096,2.3554,11
A_distill_baseline_13M_2ep,1150,3096,2.2462,9
A_distill_baseline_13M_2ep,1200,3096,2.0918,8
A_distill_baseline_13M_2ep,1250,3096,2.2578,10
A_distill_baseline_13M_2ep,1300,3096,2.2418,9
A_distill_baseline_13M_2ep,1350,3096,2.0777,8
A_distill_baseline_13M_2ep,1400,3096,2.2215,9
A_distill_baseline_13M_2ep,1450,3096,2.2822,10
A_distill_baseline_13M_2ep,1500,3096,2.0437,8
A_distill_baseline_13M_2ep,1550,3096,1.9452,7
A_distill_baseline_13M_2ep,1600,3096,1.9738,7
A_distill_baseline_13M_2ep,1650,3096,2.0528,8
A_distill_baseline_13M_2ep,1700,3096,1.8944,7
A_distill_baseline_13M_2ep,1750,3096,2.0514,8
A_distill_baseline_13M_2ep,1800,3096,1.9704,7
A_distill_baseline_13M_2ep,1850,3096,1.9969,7
A_distill_baseline_13M_2ep,1900,3096,1.8542,6
A_distill_baseline_13M_2ep,1950,3096,1.9057,7
A_distill_baseline_13M_2ep,2000,3096,1.8448,6
A_distill_baseline_13M_2ep,2050,3096,1.8731,7
A_distill_baseline_13M_2ep,2100,3096,2.0310,8
A_distill_baseline_13M_2ep,2150,3096,1.7383,6
A_distill_baseline_13M_2ep,2200,3096,1.7768,6
A_distill_baseline_13M_2ep,2250,3096,1.8837,7
A_distill_baseline_13M_2ep,2300,3096,1.8712,6
A_distill_baseline_13M_2ep,2350,3096,1.8726,7
A_distill_baseline_13M_2ep,2400,3096,1.8488,6
A_distill_baseline_13M_2ep,2450,3096,1.8884,7
A_distill_baseline_13M_2ep,2500,3096,1.9730,7
A_distill_baseline_13M_2ep,2550,3096,1.9568,7
A_distill_baseline_13M_2ep,2600,3096,1.9014,7
A_distill_baseline_13M_2ep,2650,3096,1.7925,6
A_distill_baseline_13M_2ep,2700,3096,1.6713,5
A_distill_baseline_13M_2ep,2750,3096,1.8257,6
A_distill_baseline_13M_2ep,2800,3096,1.7885,6
A_distill_baseline_13M_2ep,2850,3096,1.8053,6
A_distill_baseline_13M_2ep,2900,3096,1.7027,5
A_distill_baseline_13M_2ep,2950,3096,1.5508,5
A_distill_baseline_13M_2ep,3000,3096,1.7757,6
A_distill_baseline_13M_2ep,3050,3096,1.6375,5
B_minimind_13M_2ep,1,3096,9.1402,9322
B_minimind_13M_2ep,2,3096,8.8896,7256
B_minimind_13M_2ep,3,3096,8.9030,7354
B_minimind_13M_2ep,4,3096,8.9395,7627
B_minimind_13M_2ep,5,3096,8.8685,7105
B_minimind_13M_2ep,6,3096,8.8191,6762
B_minimind_13M_2ep,7,3096,8.7438,6272
B_minimind_13M_2ep,8,3096,8.7394,6244
B_minimind_13M_2ep,9,3096,8.7199,6123
B_minimind_13M_2ep,10,3096,8.6042,5455
B_minimind_13M_2ep,50,3096,7.7400,2299
B_minimind_13M_2ep,100,3096,6.9949,1091
B_minimind_13M_2ep,150,3096,6.5042,668
B_minimind_13M_2ep,200,3096,5.8478,346
B_minimind_13M_2ep,250,3096,5.4156,225
B_minimind_13M_2ep,300,3096,5.1907,180
B_minimind_13M_2ep,350,3096,4.9831,146
B_minimind_13M_2ep,400,3096,4.5625,96
B_minimind_13M_2ep,450,3096,4.2466,70
B_minimind_13M_2ep,500,3096,4.3079,74
B_minimind_13M_2ep,550,3096,3.9873,54
B_minimind_13M_2ep,600,3096,3.7191,41
B_minimind_13M_2ep,650,3096,3.6815,40
B_minimind_13M_2ep,700,3096,3.7458,42
B_minimind_13M_2ep,750,3096,3.5901,36
B_minimind_13M_2ep,800,3096,3.6063,37
B_minimind_13M_2ep,850,3096,3.6549,39
B_minimind_13M_2ep,900,3096,3.4978,33
B_minimind_13M_2ep,950,3096,3.4009,30
B_minimind_13M_2ep,1000,3096,3.4437,31
B_minimind_13M_2ep,1050,3096,3.2020,25
B_minimind_13M_2ep,1100,3096,3.2695,26
B_minimind_13M_2ep,1150,3096,3.1062,22
B_minimind_13M_2ep,1200,3096,3.1639,24
B_minimind_13M_2ep,1250,3096,3.2578,26
B_minimind_13M_2ep,1300,3096,3.0679,21
B_minimind_13M_2ep,1350,3096,3.0804,22
B_minimind_13M_2ep,1400,3096,3.2393,26
B_minimind_13M_2ep,1450,3096,3.0847,22
B_minimind_13M_2ep,1500,3096,3.0362,21
B_minimind_13M_2ep,1550,3096,2.8878,18
B_minimind_13M_2ep,1600,3096,2.5824,13
B_minimind_13M_2ep,1650,3096,3.0005,20
B_minimind_13M_2ep,1700,3096,2.7378,15
B_minimind_13M_2ep,1750,3096,2.6720,14
B_minimind_13M_2ep,1800,3096,2.6850,15
B_minimind_13M_2ep,1850,3096,2.7562,16
B_minimind_13M_2ep,1900,3096,2.6784,15
B_minimind_13M_2ep,1950,3096,2.5806,13
B_minimind_13M_2ep,2000,3096,2.6915,15
B_minimind_13M_2ep,2050,3096,2.5388,13
B_minimind_13M_2ep,2100,3096,2.8024,16
B_minimind_13M_2ep,2150,3096,2.7035,15
B_minimind_13M_2ep,2200,3096,2.6289,14
B_minimind_13M_2ep,2250,3096,2.5747,13
B_minimind_13M_2ep,2300,3096,2.6280,14
B_minimind_13M_2ep,2350,3096,2.7090,15
B_minimind_13M_2ep,2400,3096,2.6518,14
B_minimind_13M_2ep,2450,3096,2.4704,12
B_minimind_13M_2ep,2500,3096,2.6490,14
B_minimind_13M_2ep,2550,3096,2.7951,16
B_minimind_13M_2ep,2600,3096,2.6923,15
B_minimind_13M_2ep,2650,3096,2.4768,12
B_minimind_13M_2ep,2700,3096,2.4885,12
B_minimind_13M_2ep,2750,3096,2.7165,15
B_minimind_13M_2ep,2800,3096,2.3955,11
B_minimind_13M_2ep,2850,3096,2.5789,13
B_minimind_13M_2ep,2900,3096,2.4566,12
B_minimind_13M_2ep,2950,3096,2.4175,11
B_minimind_13M_2ep,3000,3096,2.2415,9
B_minimind_13M_2ep,3050,3096,2.4625,12
C1_distill_100pct_13M_2ep,1,3096,9.1143,9084
C1_distill_100pct_13M_2ep,2,3096,8.9165,7454
C1_distill_100pct_13M_2ep,3,3096,8.9528,7729
C1_distill_100pct_13M_2ep,4,3096,8.9323,7573
C1_distill_100pct_13M_2ep,5,3096,8.8775,7169
C1_distill_100pct_13M_2ep,6,3096,8.7713,6446
C1_distill_100pct_13M_2ep,7,3096,8.7450,6279
C1_distill_100pct_13M_2ep,8,3096,8.6376,5640
C1_distill_100pct_13M_2ep,9,3096,8.6189,5536
C1_distill_100pct_13M_2ep,10,3096,8.6315,5605
C1_distill_100pct_13M_2ep,50,3096,7.5147,1835
C1_distill_100pct_13M_2ep,100,3096,6.5306,686
C1_distill_100pct_13M_2ep,150,3096,5.5380,254
C1_distill_100pct_13M_2ep,200,3096,5.0202,151
C1_distill_100pct_13M_2ep,250,3096,4.4497,86
C1_distill_100pct_13M_2ep,300,3096,4.0867,60
C1_distill_100pct_13M_2ep,350,3096,3.6008,37
C1_distill_100pct_13M_2ep,400,3096,3.3987,30
C1_distill_100pct_13M_2ep,450,3096,3.4877,33
C1_distill_100pct_13M_2ep,500,3096,3.1810,24
C1_distill_100pct_13M_2ep,550,3096,3.0317,21
C1_distill_100pct_13M_2ep,600,3096,2.8536,17
C1_distill_100pct_13M_2ep,650,3096,2.7377,15
C1_distill_100pct_13M_2ep,700,3096,2.5717,13
C1_distill_100pct_13M_2ep,750,3096,2.6450,14
C1_distill_100pct_13M_2ep,800,3096,2.6363,14
C1_distill_100pct_13M_2ep,850,3096,2.4328,11
C1_distill_100pct_13M_2ep,900,3096,2.2928,10
C1_distill_100pct_13M_2ep,950,3096,2.3403,10
C1_distill_100pct_13M_2ep,1000,3096,2.4898,12
C1_distill_100pct_13M_2ep,1050,3096,2.3538,11
C1_distill_100pct_13M_2ep,1100,3096,2.4601,12
C1_distill_100pct_13M_2ep,1150,3096,2.3259,10
C1_distill_100pct_13M_2ep,1200,3096,2.0785,8
C1_distill_100pct_13M_2ep,1250,3096,2.1646,9
C1_distill_100pct_13M_2ep,1300,3096,2.2654,10
C1_distill_100pct_13M_2ep,1350,3096,2.1579,9
C1_distill_100pct_13M_2ep,1400,3096,2.1769,9
C1_distill_100pct_13M_2ep,1450,3096,2.2258,9
C1_distill_100pct_13M_2ep,1500,3096,1.9014,7
C1_distill_100pct_13M_2ep,1550,3096,1.9825,7
C1_distill_100pct_13M_2ep,1600,3096,1.9955,7
C1_distill_100pct_13M_2ep,1650,3096,1.8860,7
C1_distill_100pct_13M_2ep,1700,3096,2.0030,7
C1_distill_100pct_13M_2ep,1750,3096,2.0401,8
C1_distill_100pct_13M_2ep,1800,3096,1.8991,7
C1_distill_100pct_13M_2ep,1850,3096,1.7801,6
C1_distill_100pct_13M_2ep,1900,3096,2.0081,7
C1_distill_100pct_13M_2ep,1950,3096,1.8218,6
C1_distill_100pct_13M_2ep,2000,3096,2.1442,9
C1_distill_100pct_13M_2ep,2050,3096,2.0130,7
C1_distill_100pct_13M_2ep,2100,3096,2.0596,8
C1_distill_100pct_13M_2ep,2150,3096,2.1266,8
C1_distill_100pct_13M_2ep,2200,3096,1.9030,7
C1_distill_100pct_13M_2ep,2250,3096,1.8019,6
C1_distill_100pct_13M_2ep,2300,3096,1.9211,7
C1_distill_100pct_13M_2ep,2350,3096,1.7013,5
C1_distill_100pct_13M_2ep,2400,3096,1.8577,6
C1_distill_100pct_13M_2ep,2450,3096,1.9437,7
C1_distill_100pct_13M_2ep,2500,3096,1.7591,6
C1_distill_100pct_13M_2ep,2550,3096,1.9264,7
C1_distill_100pct_13M_2ep,2600,3096,1.8233,6
C1_distill_100pct_13M_2ep,2650,3096,1.6494,5
C1_distill_100pct_13M_2ep,2700,3096,1.8069,6
C1_distill_100pct_13M_2ep,2750,3096,1.8412,6
C1_distill_100pct_13M_2ep,2800,3096,1.7621,6
C1_distill_100pct_13M_2ep,2850,3096,1.5507,5
C1_distill_100pct_13M_2ep,2900,3096,1.6776,5
C1_distill_100pct_13M_2ep,2950,3096,1.6170,5
C1_distill_100pct_13M_2ep,3000,3096,1.6626,5
C1_distill_100pct_13M_2ep,3050,3096,1.6246,5
C2_origwiki_20pct_13M_2ep,1,3096,9.1461,9378
C2_origwiki_20pct_13M_2ep,2,3096,8.9095,7402
C2_origwiki_20pct_13M_2ep,3,3096,8.8750,7151
C2_origwiki_20pct_13M_2ep,4,3096,8.8982,7319
C2_origwiki_20pct_13M_2ep,5,3096,8.8426,6923
C2_origwiki_20pct_13M_2ep,6,3096,8.8061,6675
C2_origwiki_20pct_13M_2ep,7,3096,8.7978,6620
C2_origwiki_20pct_13M_2ep,8,3096,8.7174,6109
C2_origwiki_20pct_13M_2ep,9,3096,8.6935,5964
C2_origwiki_20pct_13M_2ep,10,3096,8.6232,5559
C2_origwiki_20pct_13M_2ep,50,3096,7.5752,1949
C2_origwiki_20pct_13M_2ep,100,3096,6.8882,981
C2_origwiki_20pct_13M_2ep,150,3096,6.4837,654
C2_origwiki_20pct_13M_2ep,200,3096,5.6815,293
C2_origwiki_20pct_13M_2ep,250,3096,5.2079,183
C2_origwiki_20pct_13M_2ep,300,3096,4.7315,113
C2_origwiki_20pct_13M_2ep,350,3096,4.0390,57
C2_origwiki_20pct_13M_2ep,400,3096,4.5596,96
C2_origwiki_20pct_13M_2ep,450,3096,4.4207,83
C2_origwiki_20pct_13M_2ep,500,3096,4.1547,64
C2_origwiki_20pct_13M_2ep,550,3096,3.5142,34
C2_origwiki_20pct_13M_2ep,600,3096,4.0368,57
C2_origwiki_20pct_13M_2ep,650,3096,3.0911,22
C2_origwiki_20pct_13M_2ep,700,3096,3.2981,27
C2_origwiki_20pct_13M_2ep,750,3096,3.2168,25
C2_origwiki_20pct_13M_2ep,800,3096,2.8235,17
C2_origwiki_20pct_13M_2ep,850,3096,3.0694,22
C2_origwiki_20pct_13M_2ep,900,3096,3.3709,29
C2_origwiki_20pct_13M_2ep,950,3096,3.0491,21
C2_origwiki_20pct_13M_2ep,1000,3096,2.8198,17
C2_origwiki_20pct_13M_2ep,1050,3096,3.3212,28
C2_origwiki_20pct_13M_2ep,1100,3096,3.3350,28
C2_origwiki_20pct_13M_2ep,1150,3096,2.5214,12
C2_origwiki_20pct_13M_2ep,1200,3096,2.6043,14
C2_origwiki_20pct_13M_2ep,1250,3096,2.8877,18
C2_origwiki_20pct_13M_2ep,1300,3096,2.6012,13
C2_origwiki_20pct_13M_2ep,1350,3096,3.2758,26
C2_origwiki_20pct_13M_2ep,1400,3096,2.3111,10
C2_origwiki_20pct_13M_2ep,1450,3096,2.9776,20
C2_origwiki_20pct_13M_2ep,1500,3096,2.4651,12
C2_origwiki_20pct_13M_2ep,1550,3096,2.2695,10
C2_origwiki_20pct_13M_2ep,1600,3096,2.9753,20
C2_origwiki_20pct_13M_2ep,1650,3096,2.4499,12
C2_origwiki_20pct_13M_2ep,1700,3096,2.7703,16
C2_origwiki_20pct_13M_2ep,1750,3096,2.2580,10
C2_origwiki_20pct_13M_2ep,1800,3096,2.3350,10
C2_origwiki_20pct_13M_2ep,1850,3096,3.0464,21
C2_origwiki_20pct_13M_2ep,1900,3096,2.1127,8
C2_origwiki_20pct_13M_2ep,1950,3096,2.3528,11
C2_origwiki_20pct_13M_2ep,2000,3096,2.4185,11
C2_origwiki_20pct_13M_2ep,2050,3096,2.3867,11
C2_origwiki_20pct_13M_2ep,2100,3096,2.9031,18
C2_origwiki_20pct_13M_2ep,2150,3096,2.3543,11
C2_origwiki_20pct_13M_2ep,2200,3096,2.7348,15
C2_origwiki_20pct_13M_2ep,2250,3096,2.1786,9
C2_origwiki_20pct_13M_2ep,2300,3096,2.5800,13
C2_origwiki_20pct_13M_2ep,2350,3096,3.0108,20
C2_origwiki_20pct_13M_2ep,2400,3096,2.5564,13
C2_origwiki_20pct_13M_2ep,2450,3096,2.2387,9
C2_origwiki_20pct_13M_2ep,2500,3096,2.3987,11
C2_origwiki_20pct_13M_2ep,2550,3096,2.3226,10
C2_origwiki_20pct_13M_2ep,2600,3096,2.2894,10
C2_origwiki_20pct_13M_2ep,2650,3096,2.8406,17
C2_origwiki_20pct_13M_2ep,2700,3096,2.4961,12
C2_origwiki_20pct_13M_2ep,2750,3096,2.8418,17
C2_origwiki_20pct_13M_2ep,2800,3096,1.8131,6
C2_origwiki_20pct_13M_2ep,2850,3096,1.8841,7
C2_origwiki_20pct_13M_2ep,2900,3096,2.3476,10
C2_origwiki_20pct_13M_2ep,2950,3096,2.1808,9
C2_origwiki_20pct_13M_2ep,3000,3096,2.2005,9
C2_origwiki_20pct_13M_2ep,3050,3096,1.9065,7
C3_origwiki_40pct_13M_2ep,1,3096,9.1049,8999
C3_origwiki_40pct_13M_2ep,2,3096,8.8868,7235
C3_origwiki_40pct_13M_2ep,3,3096,8.8353,6873
C3_origwiki_40pct_13M_2ep,4,3096,8.8568,7022
C3_origwiki_40pct_13M_2ep,5,3096,8.9412,7640
C3_origwiki_40pct_13M_2ep,6,3096,8.7850,6535
C3_origwiki_40pct_13M_2ep,7,3096,8.8104,6703
C3_origwiki_40pct_13M_2ep,8,3096,8.7182,6113
C3_origwiki_40pct_13M_2ep,9,3096,8.7071,6046
C3_origwiki_40pct_13M_2ep,10,3096,8.6375,5639
C3_origwiki_40pct_13M_2ep,50,3096,7.9242,2763
C3_origwiki_40pct_13M_2ep,100,3096,7.3282,1523
C3_origwiki_40pct_13M_2ep,150,3096,6.6635,783
C3_origwiki_40pct_13M_2ep,200,3096,6.2056,495
C3_origwiki_40pct_13M_2ep,250,3096,5.9527,385
C3_origwiki_40pct_13M_2ep,300,3096,5.3697,215
C3_origwiki_40pct_13M_2ep,350,3096,5.2400,189
C3_origwiki_40pct_13M_2ep,400,3096,5.1537,173
C3_origwiki_40pct_13M_2ep,450,3096,4.9366,139
C3_origwiki_40pct_13M_2ep,500,3096,4.2677,71
C3_origwiki_40pct_13M_2ep,550,3096,4.5225,92
C3_origwiki_40pct_13M_2ep,600,3096,4.1792,65
C3_origwiki_40pct_13M_2ep,650,3096,3.7919,44
C3_origwiki_40pct_13M_2ep,700,3096,4.1689,65
C3_origwiki_40pct_13M_2ep,750,3096,4.0847,59
C3_origwiki_40pct_13M_2ep,800,3096,3.8014,45
C3_origwiki_40pct_13M_2ep,850,3096,3.2725,26
C3_origwiki_40pct_13M_2ep,900,3096,3.7291,42
C3_origwiki_40pct_13M_2ep,950,3096,3.7778,44
C3_origwiki_40pct_13M_2ep,1000,3096,3.9570,52
C3_origwiki_40pct_13M_2ep,1050,3096,4.0562,58
C3_origwiki_40pct_13M_2ep,1100,3096,3.2630,26
C3_origwiki_40pct_13M_2ep,1150,3096,3.7900,44
C3_origwiki_40pct_13M_2ep,1200,3096,2.5048,12
C3_origwiki_40pct_13M_2ep,1250,3096,3.0806,22
C3_origwiki_40pct_13M_2ep,1300,3096,3.9621,53
C3_origwiki_40pct_13M_2ep,1350,3096,3.0947,22
C3_origwiki_40pct_13M_2ep,1400,3096,3.3055,27
C3_origwiki_40pct_13M_2ep,1450,3096,3.3263,28
C3_origwiki_40pct_13M_2ep,1500,3096,3.5847,36
C3_origwiki_40pct_13M_2ep,1550,3096,3.5967,36
C3_origwiki_40pct_13M_2ep,1600,3096,2.4553,12
C3_origwiki_40pct_13M_2ep,1650,3096,3.4424,31
C3_origwiki_40pct_13M_2ep,1700,3096,2.5676,13
C3_origwiki_40pct_13M_2ep,1750,3096,2.9982,20
C3_origwiki_40pct_13M_2ep,1800,3096,2.9043,18
C3_origwiki_40pct_13M_2ep,1850,3096,3.3683,29
C3_origwiki_40pct_13M_2ep,1900,3096,3.2783,27
C3_origwiki_40pct_13M_2ep,1950,3096,2.7499,16
C3_origwiki_40pct_13M_2ep,2000,3096,3.5625,35
C3_origwiki_40pct_13M_2ep,2050,3096,2.8975,18
C3_origwiki_40pct_13M_2ep,2100,3096,2.7405,15
C3_origwiki_40pct_13M_2ep,2150,3096,2.0917,8
C3_origwiki_40pct_13M_2ep,2200,3096,3.0266,21
C3_origwiki_40pct_13M_2ep,2250,3096,3.1856,24
C3_origwiki_40pct_13M_2ep,2300,3096,2.7044,15
C3_origwiki_40pct_13M_2ep,2350,3096,3.2991,27
C3_origwiki_40pct_13M_2ep,2400,3096,3.4172,30
C3_origwiki_40pct_13M_2ep,2450,3096,3.0831,22
C3_origwiki_40pct_13M_2ep,2500,3096,3.4966,33
C3_origwiki_40pct_13M_2ep,2550,3096,2.7275,15
C3_origwiki_40pct_13M_2ep,2600,3096,3.1594,24
C3_origwiki_40pct_13M_2ep,2650,3096,2.9005,18
C3_origwiki_40pct_13M_2ep,2700,3096,2.7860,16
C3_origwiki_40pct_13M_2ep,2750,3096,2.5645,13
C3_origwiki_40pct_13M_2ep,2800,3096,2.9748,20
C3_origwiki_40pct_13M_2ep,2850,3096,2.9246,19
C3_origwiki_40pct_13M_2ep,2900,3096,2.8256,17
C3_origwiki_40pct_13M_2ep,2950,3096,2.0731,8
C3_origwiki_40pct_13M_2ep,3000,3096,2.1468,9
C3_origwiki_40pct_13M_2ep,3050,3096,2.0605,8
RW50_rwwiki_50pct_13M_2ep,1,3052,9.1360,9283
RW50_rwwiki_50pct_13M_2ep,2,3052,8.7981,6622
RW50_rwwiki_50pct_13M_2ep,3,3052,8.8690,7108
RW50_rwwiki_50pct_13M_2ep,4,3052,8.7630,6394
RW50_rwwiki_50pct_13M_2ep,5,3052,8.7822,6517
RW50_rwwiki_50pct_13M_2ep,6,3052,8.8199,6767
RW50_rwwiki_50pct_13M_2ep,7,3052,8.6708,5830
RW50_rwwiki_50pct_13M_2ep,8,3052,8.6158,5518
RW50_rwwiki_50pct_13M_2ep,9,3052,8.5840,5346
RW50_rwwiki_50pct_13M_2ep,10,3052,8.5317,5073
RW50_rwwiki_50pct_13M_2ep,50,3052,7.7093,2229
RW50_rwwiki_50pct_13M_2ep,100,3052,6.9105,1003
RW50_rwwiki_50pct_13M_2ep,150,3052,6.4875,657
RW50_rwwiki_50pct_13M_2ep,200,3052,5.9186,372
RW50_rwwiki_50pct_13M_2ep,250,3052,5.6345,280
RW50_rwwiki_50pct_13M_2ep,300,3052,5.0319,153
RW50_rwwiki_50pct_13M_2ep,350,3052,4.8688,130
RW50_rwwiki_50pct_13M_2ep,400,3052,4.4771,88
RW50_rwwiki_50pct_13M_2ep,450,3052,4.2386,69
RW50_rwwiki_50pct_13M_2ep,500,3052,4.0801,59
RW50_rwwiki_50pct_13M_2ep,550,3052,4.0371,57
RW50_rwwiki_50pct_13M_2ep,600,3052,3.7240,41
RW50_rwwiki_50pct_13M_2ep,650,3052,3.3942,30
RW50_rwwiki_50pct_13M_2ep,700,3052,3.9950,54
RW50_rwwiki_50pct_13M_2ep,750,3052,3.7485,42
RW50_rwwiki_50pct_13M_2ep,800,3052,3.2222,25
RW50_rwwiki_50pct_13M_2ep,850,3052,3.4060,30
RW50_rwwiki_50pct_13M_2ep,900,3052,3.2952,27
RW50_rwwiki_50pct_13M_2ep,950,3052,3.4986,33
RW50_rwwiki_50pct_13M_2ep,1000,3052,3.2539,26
RW50_rwwiki_50pct_13M_2ep,1050,3052,3.0553,21
RW50_rwwiki_50pct_13M_2ep,1100,3052,3.1754,24
RW50_rwwiki_50pct_13M_2ep,1150,3052,3.0292,21
RW50_rwwiki_50pct_13M_2ep,1200,3052,3.1252,23
RW50_rwwiki_50pct_13M_2ep,1250,3052,2.9131,18
RW50_rwwiki_50pct_13M_2ep,1300,3052,3.0662,21
RW50_rwwiki_50pct_13M_2ep,1350,3052,2.9474,19
RW50_rwwiki_50pct_13M_2ep,1400,3052,2.7278,15
RW50_rwwiki_50pct_13M_2ep,1450,3052,2.7026,15
RW50_rwwiki_50pct_13M_2ep,1500,3052,2.8655,18
RW50_rwwiki_50pct_13M_2ep,1550,3052,2.7239,15
RW50_rwwiki_50pct_13M_2ep,1600,3052,2.4244,11
RW50_rwwiki_50pct_13M_2ep,1650,3052,2.5942,13
RW50_rwwiki_50pct_13M_2ep,1700,3052,2.6249,14
RW50_rwwiki_50pct_13M_2ep,1750,3052,2.7299,15
RW50_rwwiki_50pct_13M_2ep,1800,3052,2.7257,15
RW50_rwwiki_50pct_13M_2ep,1850,3052,2.6495,14
RW50_rwwiki_50pct_13M_2ep,1900,3052,2.7227,15
RW50_rwwiki_50pct_13M_2ep,1950,3052,2.4084,11
RW50_rwwiki_50pct_13M_2ep,2000,3052,2.8088,17
RW50_rwwiki_50pct_13M_2ep,2050,3052,2.6022,13
RW50_rwwiki_50pct_13M_2ep,2100,3052,2.5638,13
RW50_rwwiki_50pct_13M_2ep,2150,3052,2.4148,11
RW50_rwwiki_50pct_13M_2ep,2200,3052,2.5856,13
RW50_rwwiki_50pct_13M_2ep,2250,3052,2.7315,15
RW50_rwwiki_50pct_13M_2ep,2300,3052,2.2336,9
RW50_rwwiki_50pct_13M_2ep,2350,3052,2.6166,14
RW50_rwwiki_50pct_13M_2ep,2400,3052,2.5797,13
RW50_rwwiki_50pct_13M_2ep,2450,3052,2.5975,13
RW50_rwwiki_50pct_13M_2ep,2500,3052,2.6997,15
RW50_rwwiki_50pct_13M_2ep,2550,3052,2.2482,9
RW50_rwwiki_50pct_13M_2ep,2600,3052,2.4433,12
RW50_rwwiki_50pct_13M_2ep,2650,3052,2.1966,9
RW50_rwwiki_50pct_13M_2ep,2700,3052,2.6254,14
RW50_rwwiki_50pct_13M_2ep,2750,3052,2.3998,11
RW50_rwwiki_50pct_13M_2ep,2800,3052,2.3871,11
RW50_rwwiki_50pct_13M_2ep,2850,3052,2.2571,10
RW50_rwwiki_50pct_13M_2ep,2900,3052,2.4414,11
RW50_rwwiki_50pct_13M_2ep,2950,3052,2.3455,10
RW50_rwwiki_50pct_13M_2ep,3000,3052,2.4348,11
RW50_rwwiki_50pct_13M_2ep,3050,3052,2.2106,9
RW40_rwwiki_40pct_13M_2ep,1,3096,9.1360,9283
RW40_rwwiki_40pct_13M_2ep,2,3096,8.9084,7394
RW40_rwwiki_40pct_13M_2ep,3,3096,8.8821,7202
RW40_rwwiki_40pct_13M_2ep,4,3096,8.8685,7105
RW40_rwwiki_40pct_13M_2ep,5,3096,8.8360,6878
RW40_rwwiki_40pct_13M_2ep,6,3096,8.7601,6375
RW40_rwwiki_40pct_13M_2ep,7,3096,8.7687,6430
RW40_rwwiki_40pct_13M_2ep,8,3096,8.6732,5844
RW40_rwwiki_40pct_13M_2ep,9,3096,8.7249,6154
RW40_rwwiki_40pct_13M_2ep,10,3096,8.6298,5596
RW40_rwwiki_40pct_13M_2ep,50,3096,7.7469,2314
RW40_rwwiki_40pct_13M_2ep,100,3096,6.9272,1020
RW40_rwwiki_40pct_13M_2ep,150,3096,6.3924,597
RW40_rwwiki_40pct_13M_2ep,200,3096,5.6708,290
RW40_rwwiki_40pct_13M_2ep,250,3096,5.3607,213
RW40_rwwiki_40pct_13M_2ep,300,3096,4.9250,138
RW40_rwwiki_40pct_13M_2ep,350,3096,4.7015,110
RW40_rwwiki_40pct_13M_2ep,400,3096,4.3559,78
RW40_rwwiki_40pct_13M_2ep,450,3096,4.0496,57
RW40_rwwiki_40pct_13M_2ep,500,3096,4.0642,58
RW40_rwwiki_40pct_13M_2ep,550,3096,3.7820,44
RW40_rwwiki_40pct_13M_2ep,600,3096,3.8068,45
RW40_rwwiki_40pct_13M_2ep,650,3096,3.7394,42
RW40_rwwiki_40pct_13M_2ep,700,3096,3.4941,33
RW40_rwwiki_40pct_13M_2ep,750,3096,3.5945,36
RW40_rwwiki_40pct_13M_2ep,800,3096,3.5127,34
RW40_rwwiki_40pct_13M_2ep,850,3096,3.0222,21
RW40_rwwiki_40pct_13M_2ep,900,3096,3.3856,30
RW40_rwwiki_40pct_13M_2ep,950,3096,3.1338,23
RW40_rwwiki_40pct_13M_2ep,1000,3096,3.1570,23
RW40_rwwiki_40pct_13M_2ep,1050,3096,3.1564,23
RW40_rwwiki_40pct_13M_2ep,1100,3096,3.0172,20
RW40_rwwiki_40pct_13M_2ep,1150,3096,3.1546,23
RW40_rwwiki_40pct_13M_2ep,1200,3096,2.8725,18
RW40_rwwiki_40pct_13M_2ep,1250,3096,2.8257,17
RW40_rwwiki_40pct_13M_2ep,1300,3096,2.8204,17
RW40_rwwiki_40pct_13M_2ep,1350,3096,3.0337,21
RW40_rwwiki_40pct_13M_2ep,1400,3096,3.0857,22
RW40_rwwiki_40pct_13M_2ep,1450,3096,2.7357,15
RW40_rwwiki_40pct_13M_2ep,1500,3096,2.6926,15
RW40_rwwiki_40pct_13M_2ep,1550,3096,2.6321,14
RW40_rwwiki_40pct_13M_2ep,1600,3096,2.4893,12
RW40_rwwiki_40pct_13M_2ep,1650,3096,2.6348,14
RW40_rwwiki_40pct_13M_2ep,1700,3096,2.5967,13
RW40_rwwiki_40pct_13M_2ep,1750,3096,2.5181,12
RW40_rwwiki_40pct_13M_2ep,1800,3096,2.8004,16
RW40_rwwiki_40pct_13M_2ep,1850,3096,2.5603,13
RW40_rwwiki_40pct_13M_2ep,1900,3096,2.5037,12
RW40_rwwiki_40pct_13M_2ep,1950,3096,2.5232,12
RW40_rwwiki_40pct_13M_2ep,2000,3096,2.5739,13
RW40_rwwiki_40pct_13M_2ep,2050,3096,2.4742,12
RW40_rwwiki_40pct_13M_2ep,2100,3096,2.3308,10
RW40_rwwiki_40pct_13M_2ep,2150,3096,2.5595,13
RW40_rwwiki_40pct_13M_2ep,2200,3096,2.6207,14
RW40_rwwiki_40pct_13M_2ep,2250,3096,2.6230,14
RW40_rwwiki_40pct_13M_2ep,2300,3096,2.5695,13
RW40_rwwiki_40pct_13M_2ep,2350,3096,2.6728,14
RW40_rwwiki_40pct_13M_2ep,2400,3096,2.6683,14
RW40_rwwiki_40pct_13M_2ep,2450,3096,2.1940,9
RW40_rwwiki_40pct_13M_2ep,2500,3096,2.0640,8
RW40_rwwiki_40pct_13M_2ep,2550,3096,2.4051,11
RW40_rwwiki_40pct_13M_2ep,2600,3096,2.5219,12
RW40_rwwiki_40pct_13M_2ep,2650,3096,2.1952,9
RW40_rwwiki_40pct_13M_2ep,2700,3096,2.2829,10
RW40_rwwiki_40pct_13M_2ep,2750,3096,2.4659,12
RW40_rwwiki_40pct_13M_2ep,2800,3096,2.3184,10
RW40_rwwiki_40pct_13M_2ep,2850,3096,2.2948,10
RW40_rwwiki_40pct_13M_2ep,2900,3096,2.2128,9
RW40_rwwiki_40pct_13M_2ep,2950,3096,2.0106,7
RW40_rwwiki_40pct_13M_2ep,3000,3096,2.0509,8
RW40_rwwiki_40pct_13M_2ep,3050,3096,2.1376,8
E1_pure_distill_23M_2ep,1,5412,9.1385,9307
E1_pure_distill_23M_2ep,2,5412,8.8473,6956
E1_pure_distill_23M_2ep,3,5412,8.9010,7339
E1_pure_distill_23M_2ep,4,5412,8.8520,6988
E1_pure_distill_23M_2ep,5,5412,8.8120,6714
E1_pure_distill_23M_2ep,6,5412,8.7655,6409
E1_pure_distill_23M_2ep,7,5412,8.7495,6307
E1_pure_distill_23M_2ep,8,5412,8.7294,6182
E1_pure_distill_23M_2ep,9,5412,8.6690,5820
E1_pure_distill_23M_2ep,10,5412,8.6294,5593
E1_pure_distill_23M_2ep,50,5412,7.8374,2534
E1_pure_distill_23M_2ep,100,5412,6.8645,958
E1_pure_distill_23M_2ep,150,5412,6.1087,450
E1_pure_distill_23M_2ep,200,5412,5.7688,320
E1_pure_distill_23M_2ep,250,5412,4.9334,139
E1_pure_distill_23M_2ep,300,5412,4.4075,82
E1_pure_distill_23M_2ep,350,5412,4.0988,60
E1_pure_distill_23M_2ep,400,5412,3.8609,48
E1_pure_distill_23M_2ep,450,5412,3.6153,37
E1_pure_distill_23M_2ep,500,5412,3.4076,30
E1_pure_distill_23M_2ep,550,5412,3.1199,23
E1_pure_distill_23M_2ep,600,5412,3.0539,21
E1_pure_distill_23M_2ep,650,5412,2.9917,20
E1_pure_distill_23M_2ep,700,5412,2.9372,19
E1_pure_distill_23M_2ep,750,5412,2.8545,17
E1_pure_distill_23M_2ep,800,5412,2.8404,17
E1_pure_distill_23M_2ep,850,5412,2.6719,14
E1_pure_distill_23M_2ep,900,5412,2.5662,13
E1_pure_distill_23M_2ep,950,5412,2.4863,12
E1_pure_distill_23M_2ep,1000,5412,2.2207,9
E1_pure_distill_23M_2ep,1050,5412,2.3811,11
E1_pure_distill_23M_2ep,1100,5412,2.3042,10
E1_pure_distill_23M_2ep,1150,5412,2.5564,13
E1_pure_distill_23M_2ep,1200,5412,2.3238,10
E1_pure_distill_23M_2ep,1250,5412,2.1571,9
E1_pure_distill_23M_2ep,1300,5412,2.1159,8
E1_pure_distill_23M_2ep,1350,5412,2.2063,9
E1_pure_distill_23M_2ep,1400,5412,2.1182,8
E1_pure_distill_23M_2ep,1450,5412,2.0160,8
E1_pure_distill_23M_2ep,1500,5412,2.0608,8
E1_pure_distill_23M_2ep,1550,5412,2.1534,9
E1_pure_distill_23M_2ep,1600,5412,2.1248,8
E1_pure_distill_23M_2ep,1650,5412,2.1708,9
E1_pure_distill_23M_2ep,1700,5412,2.1089,8
E1_pure_distill_23M_2ep,1750,5412,2.0908,8
E1_pure_distill_23M_2ep,1800,5412,2.0689,8
E1_pure_distill_23M_2ep,1850,5412,2.0326,8
E1_pure_distill_23M_2ep,1900,5412,2.0328,8
E1_pure_distill_23M_2ep,1950,5412,2.0288,8
E1_pure_distill_23M_2ep,2000,5412,2.0044,7
E1_pure_distill_23M_2ep,2050,5412,1.9913,7
E1_pure_distill_23M_2ep,2100,5412,2.0221,8
E1_pure_distill_23M_2ep,2150,5412,2.0019,7
E1_pure_distill_23M_2ep,2200,5412,1.8897,7
E1_pure_distill_23M_2ep,2250,5412,2.0025,7
E1_pure_distill_23M_2ep,2300,5412,1.9530,7
E1_pure_distill_23M_2ep,2350,5412,2.0094,7
E1_pure_distill_23M_2ep,2400,5412,1.9309,7
E1_pure_distill_23M_2ep,2450,5412,1.8674,6
E1_pure_distill_23M_2ep,2500,5412,1.9709,7
E1_pure_distill_23M_2ep,2550,5412,1.7473,6
E1_pure_distill_23M_2ep,2600,5412,2.0483,8
E1_pure_distill_23M_2ep,2650,5412,1.9338,7
E1_pure_distill_23M_2ep,2700,5412,1.7882,6
E1_pure_distill_23M_2ep,2750,5412,1.6855,5
E1_pure_distill_23M_2ep,2800,5412,1.7506,6
E1_pure_distill_23M_2ep,2850,5412,1.5165,5
E1_pure_distill_23M_2ep,2900,5412,1.7907,6
E1_pure_distill_23M_2ep,2950,5412,1.7540,6
E1_pure_distill_23M_2ep,3000,5412,2.0668,8
E1_pure_distill_23M_2ep,3050,5412,1.8144,6
E1_pure_distill_23M_2ep,3100,5412,1.7757,6
E1_pure_distill_23M_2ep,3150,5412,1.6433,5
E1_pure_distill_23M_2ep,3200,5412,1.8353,6
E1_pure_distill_23M_2ep,3250,5412,1.5832,5
E1_pure_distill_23M_2ep,3300,5412,1.6726,5
E1_pure_distill_23M_2ep,3350,5412,1.6856,5
E1_pure_distill_23M_2ep,3400,5412,1.7823,6
E1_pure_distill_23M_2ep,3450,5412,1.7856,6
E1_pure_distill_23M_2ep,3500,5412,1.6454,5
E1_pure_distill_23M_2ep,3550,5412,1.5986,5
E1_pure_distill_23M_2ep,3600,5412,1.6980,5
E1_pure_distill_23M_2ep,3650,5412,1.7101,6
E1_pure_distill_23M_2ep,3700,5412,1.7763,6
E1_pure_distill_23M_2ep,3750,5412,1.7097,6
E1_pure_distill_23M_2ep,3800,5412,1.5954,5
E1_pure_distill_23M_2ep,3850,5412,1.6725,5
E1_pure_distill_23M_2ep,3900,5412,1.6851,5
E1_pure_distill_23M_2ep,3950,5412,1.6755,5
E1_pure_distill_23M_2ep,4000,5412,1.7698,6
E1_pure_distill_23M_2ep,4050,5412,1.5985,5
E1_pure_distill_23M_2ep,4100,5412,1.7487,6
E1_pure_distill_23M_2ep,4150,5412,1.6830,5
E1_pure_distill_23M_2ep,4200,5412,1.6189,5
E1_pure_distill_23M_2ep,4250,5412,1.6590,5
E1_pure_distill_23M_2ep,4300,5412,1.8137,6
E1_pure_distill_23M_2ep,4350,5412,1.7172,6
E1_pure_distill_23M_2ep,4400,5412,1.6600,5
E1_pure_distill_23M_2ep,4450,5412,1.5933,5
E1_pure_distill_23M_2ep,4500,5412,1.7108,6
E1_pure_distill_23M_2ep,4550,5412,1.6699,5
E1_pure_distill_23M_2ep,4600,5412,1.7458,6
E1_pure_distill_23M_2ep,4650,5412,1.6600,5
E1_pure_distill_23M_2ep,4700,5412,1.7333,6
E1_pure_distill_23M_2ep,4750,5412,1.8377,6
E1_pure_distill_23M_2ep,4800,5412,1.5690,5
E1_pure_distill_23M_2ep,4850,5412,1.7849,6
E1_pure_distill_23M_2ep,4900,5412,1.6322,5
E1_pure_distill_23M_2ep,4950,5412,1.4952,4
E1_pure_distill_23M_2ep,5000,5412,1.5628,5
E1_pure_distill_23M_2ep,5050,5412,1.6627,5
E1_pure_distill_23M_2ep,5100,5412,1.6411,5
E1_pure_distill_23M_2ep,5150,5412,1.5437,5
E1_pure_distill_23M_2ep,5200,5412,1.6185,5
E1_pure_distill_23M_2ep,5250,5412,1.5442,5
E1_pure_distill_23M_2ep,5300,5412,1.5161,5
E1_pure_distill_23M_2ep,5350,5412,1.5074,5
E1_pure_distill_23M_2ep,5400,5412,1.5603,5
E2_mix_rwwiki_29M_2ep,1,6764,9.1344,9269
E2_mix_rwwiki_29M_2ep,2,6764,8.8746,7148
E2_mix_rwwiki_29M_2ep,3,6764,8.8488,6966
E2_mix_rwwiki_29M_2ep,4,6764,8.8284,6826
E2_mix_rwwiki_29M_2ep,5,6764,8.8085,6691
E2_mix_rwwiki_29M_2ep,6,6764,8.8881,7245
E2_mix_rwwiki_29M_2ep,7,6764,8.7186,6116
E2_mix_rwwiki_29M_2ep,8,6764,8.6985,5994
E2_mix_rwwiki_29M_2ep,9,6764,8.7555,6345
E2_mix_rwwiki_29M_2ep,10,6764,8.7488,6303
E2_mix_rwwiki_29M_2ep,50,6764,8.0415,3107
E2_mix_rwwiki_29M_2ep,100,6764,7.2047,1346
E2_mix_rwwiki_29M_2ep,150,6764,6.5990,734
E2_mix_rwwiki_29M_2ep,200,6764,5.8193,337
E2_mix_rwwiki_29M_2ep,250,6764,5.7335,309
E2_mix_rwwiki_29M_2ep,300,6764,5.2578,192
E2_mix_rwwiki_29M_2ep,350,6764,4.4797,88
E2_mix_rwwiki_29M_2ep,400,6764,4.5113,91
E2_mix_rwwiki_29M_2ep,450,6764,4.1992,67
E2_mix_rwwiki_29M_2ep,500,6764,4.0762,59
E2_mix_rwwiki_29M_2ep,550,6764,3.9403,51
E2_mix_rwwiki_29M_2ep,600,6764,3.6250,38
E2_mix_rwwiki_29M_2ep,650,6764,3.5366,34
E2_mix_rwwiki_29M_2ep,700,6764,3.5129,34
E2_mix_rwwiki_29M_2ep,750,6764,3.2843,27
E2_mix_rwwiki_29M_2ep,800,6764,3.2480,26
E2_mix_rwwiki_29M_2ep,850,6764,3.0629,21
E2_mix_rwwiki_29M_2ep,900,6764,2.9503,19
E2_mix_rwwiki_29M_2ep,950,6764,2.9166,18
E2_mix_rwwiki_29M_2ep,1000,6764,2.7927,16
E2_mix_rwwiki_29M_2ep,1050,6764,2.6881,15
E2_mix_rwwiki_29M_2ep,1100,6764,2.9384,19
E2_mix_rwwiki_29M_2ep,1150,6764,2.4432,12
E2_mix_rwwiki_29M_2ep,1200,6764,2.8919,18
E2_mix_rwwiki_29M_2ep,1250,6764,2.6589,14
E2_mix_rwwiki_29M_2ep,1300,6764,2.9391,19
E2_mix_rwwiki_29M_2ep,1350,6764,2.7657,16
E2_mix_rwwiki_29M_2ep,1400,6764,3.1969,24
E2_mix_rwwiki_29M_2ep,1450,6764,2.5900,13
E2_mix_rwwiki_29M_2ep,1500,6764,2.9473,19
E2_mix_rwwiki_29M_2ep,1550,6764,2.7614,16
E2_mix_rwwiki_29M_2ep,1600,6764,2.8140,17
E2_mix_rwwiki_29M_2ep,1650,6764,2.4761,12
E2_mix_rwwiki_29M_2ep,1700,6764,2.5448,13
E2_mix_rwwiki_29M_2ep,1750,6764,2.2573,10
E2_mix_rwwiki_29M_2ep,1800,6764,2.4710,12
E2_mix_rwwiki_29M_2ep,1850,6764,2.3171,10
E2_mix_rwwiki_29M_2ep,1900,6764,2.4231,11
E2_mix_rwwiki_29M_2ep,1950,6764,2.1457,9
E2_mix_rwwiki_29M_2ep,2000,6764,2.4977,12
E2_mix_rwwiki_29M_2ep,2050,6764,2.5746,13
E2_mix_rwwiki_29M_2ep,2100,6764,2.3604,11
E2_mix_rwwiki_29M_2ep,2150,6764,2.1247,8
E2_mix_rwwiki_29M_2ep,2200,6764,2.4447,12
E2_mix_rwwiki_29M_2ep,2250,6764,2.2433,9
E2_mix_rwwiki_29M_2ep,2300,6764,2.2011,9
E2_mix_rwwiki_29M_2ep,2350,6764,2.4636,12
E2_mix_rwwiki_29M_2ep,2400,6764,2.2473,9
E2_mix_rwwiki_29M_2ep,2450,6764,2.2489,9
E2_mix_rwwiki_29M_2ep,2500,6764,2.3557,11
E2_mix_rwwiki_29M_2ep,2550,6764,2.2420,9
E2_mix_rwwiki_29M_2ep,2600,6764,2.2984,10
E2_mix_rwwiki_29M_2ep,2650,6764,2.0821,8
E2_mix_rwwiki_29M_2ep,2700,6764,2.1721,9
E2_mix_rwwiki_29M_2ep,2750,6764,2.2149,9
E2_mix_rwwiki_29M_2ep,2800,6764,2.0541,8
E2_mix_rwwiki_29M_2ep,2850,6764,2.1861,9
E2_mix_rwwiki_29M_2ep,2900,6764,2.0731,8
E2_mix_rwwiki_29M_2ep,2950,6764,2.0078,7
E2_mix_rwwiki_29M_2ep,3000,6764,2.0720,8
E2_mix_rwwiki_29M_2ep,3050,6764,2.1658,9
E2_mix_rwwiki_29M_2ep,3100,6764,2.2530,10
E2_mix_rwwiki_29M_2ep,3150,6764,2.2966,10
E2_mix_rwwiki_29M_2ep,3200,6764,2.3316,10
E2_mix_rwwiki_29M_2ep,3250,6764,2.0700,8
E2_mix_rwwiki_29M_2ep,3300,6764,2.2728,10
E2_mix_rwwiki_29M_2ep,3350,6764,2.2949,10
E2_mix_rwwiki_29M_2ep,3400,6764,2.3722,11
E2_mix_rwwiki_29M_2ep,3450,6764,2.0300,8
E2_mix_rwwiki_29M_2ep,3500,6764,1.8460,6
E2_mix_rwwiki_29M_2ep,3550,6764,2.1784,9
E2_mix_rwwiki_29M_2ep,3600,6764,1.9026,7
E2_mix_rwwiki_29M_2ep,3650,6764,2.0855,8
E2_mix_rwwiki_29M_2ep,3700,6764,1.7834,6
E2_mix_rwwiki_29M_2ep,3750,6764,1.9765,7
E2_mix_rwwiki_29M_2ep,3800,6764,2.1268,8
E2_mix_rwwiki_29M_2ep,3850,6764,1.9985,7
E2_mix_rwwiki_29M_2ep,3900,6764,1.7154,6
E2_mix_rwwiki_29M_2ep,3950,6764,2.0251,8
E2_mix_rwwiki_29M_2ep,4000,6764,1.7274,6
E2_mix_rwwiki_29M_2ep,4050,6764,1.9841,7
E2_mix_rwwiki_29M_2ep,4100,6764,1.8815,7
E2_mix_rwwiki_29M_2ep,4150,6764,2.1174,8
E2_mix_rwwiki_29M_2ep,4200,6764,1.7802,6
E2_mix_rwwiki_29M_2ep,4250,6764,2.0950,8
E2_mix_rwwiki_29M_2ep,4300,6764,1.9455,7
E2_mix_rwwiki_29M_2ep,4350,6764,2.1002,8
E2_mix_rwwiki_29M_2ep,4400,6764,1.7930,6
E2_mix_rwwiki_29M_2ep,4450,6764,1.8840,7
E2_mix_rwwiki_29M_2ep,4500,6764,1.8632,6
E2_mix_rwwiki_29M_2ep,4550,6764,1.8233,6
E2_mix_rwwiki_29M_2ep,4600,6764,2.1674,9
E2_mix_rwwiki_29M_2ep,4650,6764,1.8846,7
E2_mix_rwwiki_29M_2ep,4700,6764,2.0021,7
E2_mix_rwwiki_29M_2ep,4750,6764,1.9644,7
E2_mix_rwwiki_29M_2ep,4800,6764,1.8719,7
E2_mix_rwwiki_29M_2ep,4850,6764,1.9602,7
E2_mix_rwwiki_29M_2ep,4900,6764,2.1562,9
E2_mix_rwwiki_29M_2ep,4950,6764,2.0992,8
E2_mix_rwwiki_29M_2ep,5000,6764,2.0842,8
E2_mix_rwwiki_29M_2ep,5050,6764,1.9247,7
E2_mix_rwwiki_29M_2ep,5100,6764,1.7242,6
E2_mix_rwwiki_29M_2ep,5150,6764,1.8199,6
E2_mix_rwwiki_29M_2ep,5200,6764,1.9780,7
E2_mix_rwwiki_29M_2ep,5250,6764,1.8491,6
E2_mix_rwwiki_29M_2ep,5300,6764,1.7609,6
E2_mix_rwwiki_29M_2ep,5350,6764,1.9114,7
E2_mix_rwwiki_29M_2ep,5400,6764,1.8200,6
E2_mix_rwwiki_29M_2ep,5450,6764,2.3266,10
E2_mix_rwwiki_29M_2ep,5500,6764,1.7127,6
E2_mix_rwwiki_29M_2ep,5550,6764,1.8816,7
E2_mix_rwwiki_29M_2ep,5600,6764,1.8541,6
E2_mix_rwwiki_29M_2ep,5650,6764,1.6574,5
E2_mix_rwwiki_29M_2ep,5700,6764,2.0902,8
E2_mix_rwwiki_29M_2ep,5750,6764,2.2514,10
E2_mix_rwwiki_29M_2ep,5800,6764,1.8108,6
E2_mix_rwwiki_29M_2ep,5850,6764,1.7244,6
E2_mix_rwwiki_29M_2ep,5900,6764,1.8031,6
E2_mix_rwwiki_29M_2ep,5950,6764,2.0672,8
E2_mix_rwwiki_29M_2ep,6000,6764,1.9202,7
E2_mix_rwwiki_29M_2ep,6050,6764,1.8229,6
E2_mix_rwwiki_29M_2ep,6100,6764,1.9088,7
E2_mix_rwwiki_29M_2ep,6150,6764,1.7298,6
E2_mix_rwwiki_29M_2ep,6200,6764,1.9195,7
E2_mix_rwwiki_29M_2ep,6250,6764,1.7225,6
E2_mix_rwwiki_29M_2ep,6300,6764,1.5441,5
E2_mix_rwwiki_29M_2ep,6350,6764,1.6599,5
E2_mix_rwwiki_29M_2ep,6400,6764,1.6552,5
E2_mix_rwwiki_29M_2ep,6450,6764,1.6020,5
E2_mix_rwwiki_29M_2ep,6500,6764,1.6015,5
E2_mix_rwwiki_29M_2ep,6550,6764,1.5646,5
E2_mix_rwwiki_29M_2ep,6600,6764,1.7441,6
E2_mix_rwwiki_29M_2ep,6650,6764,1.6410,5
E2_mix_rwwiki_29M_2ep,6700,6764,1.9000,7
E2_mix_rwwiki_29M_2ep,6750,6764,1.7872,6
E3_pure_distill_13M_8ep,1,12384,9.1143,9084
E3_pure_distill_13M_8ep,2,12384,8.9165,7454
E3_pure_distill_13M_8ep,3,12384,8.9614,7797
E3_pure_distill_13M_8ep,4,12384,8.9605,7789
E3_pure_distill_13M_8ep,5,12384,8.9337,7584
E3_pure_distill_13M_8ep,6,12384,8.8712,7124
E3_pure_distill_13M_8ep,7,12384,8.8807,7192
E3_pure_distill_13M_8ep,8,12384,8.8168,6746
E3_pure_distill_13M_8ep,9,12384,8.8274,6818
E3_pure_distill_13M_8ep,10,12384,8.8216,6779
E3_pure_distill_13M_8ep,50,12384,8.1822,3577
E3_pure_distill_13M_8ep,100,12384,7.4505,1721
E3_pure_distill_13M_8ep,150,12384,6.5816,722
E3_pure_distill_13M_8ep,200,12384,6.2225,504
E3_pure_distill_13M_8ep,250,12384,5.6851,294
E3_pure_distill_13M_8ep,300,12384,5.2933,199
E3_pure_distill_13M_8ep,350,12384,4.8183,124
E3_pure_distill_13M_8ep,400,12384,4.5707,97
E3_pure_distill_13M_8ep,450,12384,4.5636,96
E3_pure_distill_13M_8ep,500,12384,4.2200,68
E3_pure_distill_13M_8ep,550,12384,3.9725,53
E3_pure_distill_13M_8ep,600,12384,3.7210,41
E3_pure_distill_13M_8ep,650,12384,3.4645,32
E3_pure_distill_13M_8ep,700,12384,3.2080,25
E3_pure_distill_13M_8ep,750,12384,3.2756,26
E3_pure_distill_13M_8ep,800,12384,3.2498,26
E3_pure_distill_13M_8ep,850,12384,2.8885,18
E3_pure_distill_13M_8ep,900,12384,2.7118,15
E3_pure_distill_13M_8ep,950,12384,2.7357,15
E3_pure_distill_13M_8ep,1000,12384,2.8597,17
E3_pure_distill_13M_8ep,1050,12384,2.7209,15
E3_pure_distill_13M_8ep,1100,12384,2.7789,16
E3_pure_distill_13M_8ep,1150,12384,2.6137,14
E3_pure_distill_13M_8ep,1200,12384,2.3448,10
E3_pure_distill_13M_8ep,1250,12384,2.4251,11
E3_pure_distill_13M_8ep,1300,12384,2.5080,12
E3_pure_distill_13M_8ep,1350,12384,2.3828,11
E3_pure_distill_13M_8ep,1400,12384,2.3786,11
E3_pure_distill_13M_8ep,1450,12384,2.4221,11
E3_pure_distill_13M_8ep,1500,12384,2.0835,8
E3_pure_distill_13M_8ep,1550,12384,2.1917,9
E3_pure_distill_13M_8ep,1600,12384,2.1977,9
E3_pure_distill_13M_8ep,1650,12384,2.0539,8
E3_pure_distill_13M_8ep,1700,12384,2.1806,9
E3_pure_distill_13M_8ep,1750,12384,2.2052,9
E3_pure_distill_13M_8ep,1800,12384,2.0340,8
E3_pure_distill_13M_8ep,1850,12384,1.9174,7
E3_pure_distill_13M_8ep,1900,12384,2.1458,9
E3_pure_distill_13M_8ep,1950,12384,1.9601,7
E3_pure_distill_13M_8ep,2000,12384,2.2802,10
E3_pure_distill_13M_8ep,2050,12384,2.1307,8
E3_pure_distill_13M_8ep,2100,12384,2.1736,9
E3_pure_distill_13M_8ep,2150,12384,2.2519,10
E3_pure_distill_13M_8ep,2200,12384,2.0222,8
E3_pure_distill_13M_8ep,2250,12384,1.9067,7
E3_pure_distill_13M_8ep,2300,12384,2.0152,8
E3_pure_distill_13M_8ep,2350,12384,1.7798,6
E3_pure_distill_13M_8ep,2400,12384,1.9345,7
E3_pure_distill_13M_8ep,2450,12384,2.0179,8
E3_pure_distill_13M_8ep,2500,12384,1.8088,6
E3_pure_distill_13M_8ep,2550,12384,2.0046,7
E3_pure_distill_13M_8ep,2600,12384,1.8920,7
E3_pure_distill_13M_8ep,2650,12384,1.7234,6
E3_pure_distill_13M_8ep,2700,12384,1.8698,6
E3_pure_distill_13M_8ep,2750,12384,1.9181,7
E3_pure_distill_13M_8ep,2800,12384,1.8603,6
E3_pure_distill_13M_8ep,2850,12384,1.6779,5
E3_pure_distill_13M_8ep,2900,12384,1.8372,6
E3_pure_distill_13M_8ep,2950,12384,1.8253,6
E3_pure_distill_13M_8ep,3000,12384,1.8682,6
E3_pure_distill_13M_8ep,3050,12384,1.8487,6
E3_pure_distill_13M_8ep,3100,12384,1.7221,6
E3_pure_distill_13M_8ep,3150,12384,1.5920,5
E3_pure_distill_13M_8ep,3200,12384,1.6117,5
E3_pure_distill_13M_8ep,3250,12384,1.7570,6
E3_pure_distill_13M_8ep,3300,12384,1.7210,6
E3_pure_distill_13M_8ep,3350,12384,1.6889,5
E3_pure_distill_13M_8ep,3400,12384,1.7851,6
E3_pure_distill_13M_8ep,3450,12384,1.6414,5
E3_pure_distill_13M_8ep,3500,12384,1.6834,5
E3_pure_distill_13M_8ep,3550,12384,1.8771,7
E3_pure_distill_13M_8ep,3600,12384,1.7506,6
E3_pure_distill_13M_8ep,3650,12384,1.5928,5
E3_pure_distill_13M_8ep,3700,12384,1.9153,7
E3_pure_distill_13M_8ep,3750,12384,1.6477,5
E3_pure_distill_13M_8ep,3800,12384,1.6035,5
E3_pure_distill_13M_8ep,3850,12384,1.7894,6
E3_pure_distill_13M_8ep,3900,12384,1.6433,5
E3_pure_distill_13M_8ep,3950,12384,1.7018,5
E3_pure_distill_13M_8ep,4000,12384,1.7717,6
E3_pure_distill_13M_8ep,4050,12384,1.6802,5
E3_pure_distill_13M_8ep,4100,12384,1.5682,5
E3_pure_distill_13M_8ep,4150,12384,1.5279,5
E3_pure_distill_13M_8ep,4200,12384,1.6907,5
E3_pure_distill_13M_8ep,4250,12384,1.7583,6
E3_pure_distill_13M_8ep,4300,12384,1.6078,5
E3_pure_distill_13M_8ep,4350,12384,1.7258,6
E3_pure_distill_13M_8ep,4400,12384,1.9072,7
E3_pure_distill_13M_8ep,4450,12384,1.5063,5
E3_pure_distill_13M_8ep,4500,12384,1.6729,5
E3_pure_distill_13M_8ep,4550,12384,1.5626,5
E3_pure_distill_13M_8ep,4600,12384,1.7057,6
E3_pure_distill_13M_8ep,4650,12384,1.4141,4
E3_pure_distill_13M_8ep,4700,12384,1.2969,4
E3_pure_distill_13M_8ep,4750,12384,1.3748,4
E3_pure_distill_13M_8ep,4800,12384,1.5180,5
E3_pure_distill_13M_8ep,4850,12384,1.3664,4
E3_pure_distill_13M_8ep,4900,12384,1.4391,4
E3_pure_distill_13M_8ep,4950,12384,1.3844,4
E3_pure_distill_13M_8ep,5000,12384,1.5415,5
E3_pure_distill_13M_8ep,5050,12384,1.4164,4
E3_pure_distill_13M_8ep,5100,12384,1.6525,5
E3_pure_distill_13M_8ep,5150,12384,1.5476,5
E3_pure_distill_13M_8ep,5200,12384,1.5502,5
E3_pure_distill_13M_8ep,5250,12384,1.6333,5
E3_pure_distill_13M_8ep,5300,12384,1.4211,4
E3_pure_distill_13M_8ep,5350,12384,1.4492,4
E3_pure_distill_13M_8ep,5400,12384,1.5544,5
E3_pure_distill_13M_8ep,5450,12384,1.5460,5
E3_pure_distill_13M_8ep,5500,12384,1.4438,4
E3_pure_distill_13M_8ep,5550,12384,1.3088,4
E3_pure_distill_13M_8ep,5600,12384,1.6163,5
E3_pure_distill_13M_8ep,5650,12384,1.2832,4
E3_pure_distill_13M_8ep,5700,12384,1.4734,4
E3_pure_distill_13M_8ep,5750,12384,1.4666,4
E3_pure_distill_13M_8ep,5800,12384,1.5777,5
E3_pure_distill_13M_8ep,5850,12384,1.4994,4
E3_pure_distill_13M_8ep,5900,12384,1.4216,4
E3_pure_distill_13M_8ep,5950,12384,1.5936,5
E3_pure_distill_13M_8ep,6000,12384,1.5482,5
E3_pure_distill_13M_8ep,6050,12384,1.4704,4
E3_pure_distill_13M_8ep,6100,12384,1.5051,5
E3_pure_distill_13M_8ep,6150,12384,1.5095,5
E3_pure_distill_13M_8ep,6200,12384,1.1135,3
E3_pure_distill_13M_8ep,6250,12384,1.3520,4
E3_pure_distill_13M_8ep,6300,12384,1.1100,3
E3_pure_distill_13M_8ep,6350,12384,1.1553,3
E3_pure_distill_13M_8ep,6400,12384,1.2611,4
E3_pure_distill_13M_8ep,6450,12384,1.2257,3
E3_pure_distill_13M_8ep,6500,12384,1.1430,3
E3_pure_distill_13M_8ep,6550,12384,1.3972,4
E3_pure_distill_13M_8ep,6600,12384,1.3446,4
E3_pure_distill_13M_8ep,6650,12384,1.3182,4
E3_pure_distill_13M_8ep,6700,12384,1.2091,3
E3_pure_distill_13M_8ep,6750,12384,1.2285,3
E3_pure_distill_13M_8ep,6800,12384,1.2655,4
E3_pure_distill_13M_8ep,6850,12384,1.3584,4
E3_pure_distill_13M_8ep,6900,12384,1.2245,3
E3_pure_distill_13M_8ep,6950,12384,1.3740,4
E3_pure_distill_13M_8ep,7000,12384,1.2816,4
E3_pure_distill_13M_8ep,7050,12384,1.4438,4
E3_pure_distill_13M_8ep,7100,12384,1.3920,4
E3_pure_distill_13M_8ep,7150,12384,1.3126,4
E3_pure_distill_13M_8ep,7200,12384,1.3252,4
E3_pure_distill_13M_8ep,7250,12384,1.3533,4
E3_pure_distill_13M_8ep,7300,12384,1.2255,3
E3_pure_distill_13M_8ep,7350,12384,1.3518,4
E3_pure_distill_13M_8ep,7400,12384,1.3602,4
E3_pure_distill_13M_8ep,7450,12384,1.3349,4
E3_pure_distill_13M_8ep,7500,12384,1.2997,4
E3_pure_distill_13M_8ep,7550,12384,1.4086,4
E3_pure_distill_13M_8ep,7600,12384,1.4326,4
E3_pure_distill_13M_8ep,7650,12384,1.4185,4
E3_pure_distill_13M_8ep,7700,12384,1.4516,4
E3_pure_distill_13M_8ep,7750,12384,0.9812,3
E3_pure_distill_13M_8ep,7800,12384,1.1077,3
E3_pure_distill_13M_8ep,7850,12384,0.9645,3
E3_pure_distill_13M_8ep,7900,12384,1.0549,3
E3_pure_distill_13M_8ep,7950,12384,1.0704,3
E3_pure_distill_13M_8ep,8000,12384,1.1493,3
E3_pure_distill_13M_8ep,8050,12384,1.2973,4
E3_pure_distill_13M_8ep,8100,12384,1.0968,3
E3_pure_distill_13M_8ep,8150,12384,1.1617,3
E3_pure_distill_13M_8ep,8200,12384,1.0543,3
E3_pure_distill_13M_8ep,8250,12384,1.1402,3
E3_pure_distill_13M_8ep,8300,12384,1.1589,3
E3_pure_distill_13M_8ep,8350,12384,1.2046,3
E3_pure_distill_13M_8ep,8400,12384,1.2372,3
E3_pure_distill_13M_8ep,8450,12384,1.1375,3
E3_pure_distill_13M_8ep,8500,12384,1.2306,3
E3_pure_distill_13M_8ep,8550,12384,1.2327,3
E3_pure_distill_13M_8ep,8600,12384,1.2579,4
E3_pure_distill_13M_8ep,8650,12384,1.2266,3
E3_pure_distill_13M_8ep,8700,12384,1.2292,3
E3_pure_distill_13M_8ep,8750,12384,1.0842,3
E3_pure_distill_13M_8ep,8800,12384,1.3491,4
E3_pure_distill_13M_8ep,8850,12384,1.1310,3
E3_pure_distill_13M_8ep,8900,12384,1.2942,4
E3_pure_distill_13M_8ep,8950,12384,1.1833,3
E3_pure_distill_13M_8ep,9000,12384,1.2886,4
E3_pure_distill_13M_8ep,9050,12384,1.2373,3
E3_pure_distill_13M_8ep,9100,12384,1.2446,3
E3_pure_distill_13M_8ep,9150,12384,1.1654,3
E3_pure_distill_13M_8ep,9200,12384,1.2633,4
E3_pure_distill_13M_8ep,9250,12384,1.2301,3
E3_pure_distill_13M_8ep,9300,12384,0.8965,2
E3_pure_distill_13M_8ep,9350,12384,0.9403,3
E3_pure_distill_13M_8ep,9400,12384,1.0249,3
E3_pure_distill_13M_8ep,9450,12384,0.9009,2
E3_pure_distill_13M_8ep,9500,12384,0.9916,3
E3_pure_distill_13M_8ep,9550,12384,0.9999,3
E3_pure_distill_13M_8ep,9600,12384,0.8868,2
E3_pure_distill_13M_8ep,9650,12384,0.8714,2
E3_pure_distill_13M_8ep,9700,12384,1.0206,3
E3_pure_distill_13M_8ep,9750,12384,1.0371,3
E3_pure_distill_13M_8ep,9800,12384,1.0625,3
E3_pure_distill_13M_8ep,9850,12384,1.0848,3
E3_pure_distill_13M_8ep,9900,12384,1.0391,3
E3_pure_distill_13M_8ep,9950,12384,0.9803,3
E3_pure_distill_13M_8ep,10000,12384,1.0778,3
E3_pure_distill_13M_8ep,10050,12384,1.0553,3
E3_pure_distill_13M_8ep,10100,12384,1.0295,3
E3_pure_distill_13M_8ep,10150,12384,1.0667,3
E3_pure_distill_13M_8ep,10200,12384,1.0856,3
E3_pure_distill_13M_8ep,10250,12384,1.1479,3
E3_pure_distill_13M_8ep,10300,12384,1.1426,3
E3_pure_distill_13M_8ep,10350,12384,1.1344,3
E3_pure_distill_13M_8ep,10400,12384,1.0974,3
E3_pure_distill_13M_8ep,10450,12384,1.1683,3
E3_pure_distill_13M_8ep,10500,12384,1.0749,3
E3_pure_distill_13M_8ep,10550,12384,1.2008,3
E3_pure_distill_13M_8ep,10600,12384,1.2002,3
E3_pure_distill_13M_8ep,10650,12384,0.9985,3
E3_pure_distill_13M_8ep,10700,12384,1.1843,3
E3_pure_distill_13M_8ep,10750,12384,1.1598,3
E3_pure_distill_13M_8ep,10800,12384,0.9580,3
E3_pure_distill_13M_8ep,10850,12384,0.7176,2
E3_pure_distill_13M_8ep,10900,12384,0.6594,2
E3_pure_distill_13M_8ep,10950,12384,0.7660,2
E3_pure_distill_13M_8ep,11000,12384,0.8129,2
E3_pure_distill_13M_8ep,11050,12384,0.6417,2
E3_pure_distill_13M_8ep,11100,12384,0.7351,2
E3_pure_distill_13M_8ep,11150,12384,0.8193,2
E3_pure_distill_13M_8ep,11200,12384,0.7414,2
E3_pure_distill_13M_8ep,11250,12384,0.7403,2
E3_pure_distill_13M_8ep,11300,12384,0.8048,2
E3_pure_distill_13M_8ep,11350,12384,0.7940,2
E3_pure_distill_13M_8ep,11400,12384,0.7902,2
E3_pure_distill_13M_8ep,11450,12384,0.7033,2
E3_pure_distill_13M_8ep,11500,12384,0.6999,2
E3_pure_distill_13M_8ep,11550,12384,0.7533,2
E3_pure_distill_13M_8ep,11600,12384,0.7495,2
E3_pure_distill_13M_8ep,11650,12384,0.6529,2
E3_pure_distill_13M_8ep,11700,12384,0.7027,2
E3_pure_distill_13M_8ep,11750,12384,0.7548,2
E3_pure_distill_13M_8ep,11800,12384,0.7262,2
E3_pure_distill_13M_8ep,11850,12384,0.6956,2
E3_pure_distill_13M_8ep,11900,12384,0.6428,2
E3_pure_distill_13M_8ep,11950,12384,0.7346,2
E3_pure_distill_13M_8ep,12000,12384,0.6268,2
E3_pure_distill_13M_8ep,12050,12384,0.6734,2
E3_pure_distill_13M_8ep,12100,12384,0.6317,2
E3_pure_distill_13M_8ep,12150,12384,0.6691,2
E3_pure_distill_13M_8ep,12200,12384,0.6538,2
E3_pure_distill_13M_8ep,12250,12384,0.6728,2
E3_pure_distill_13M_8ep,12300,12384,0.6263,2
E3_pure_distill_13M_8ep,12350,12384,0.6882,2
E4_mix_rwwiki_13M_8ep,1,12384,9.1199,9136
E4_mix_rwwiki_13M_8ep,2,12384,8.7980,6621
E4_mix_rwwiki_13M_8ep,3,12384,8.8759,7157
E4_mix_rwwiki_13M_8ep,4,12384,8.7838,6528
E4_mix_rwwiki_13M_8ep,5,12384,8.8368,6883
E4_mix_rwwiki_13M_8ep,6,12384,8.8386,6895
E4_mix_rwwiki_13M_8ep,7,12384,8.8146,6732
E4_mix_rwwiki_13M_8ep,8,12384,8.7888,6560
E4_mix_rwwiki_13M_8ep,9,12384,8.7411,6255
E4_mix_rwwiki_13M_8ep,10,12384,8.7823,6518
E4_mix_rwwiki_13M_8ep,50,12384,8.2602,3867
E4_mix_rwwiki_13M_8ep,100,12384,7.5230,1850
E4_mix_rwwiki_13M_8ep,150,12384,6.8251,921
E4_mix_rwwiki_13M_8ep,200,12384,6.4574,637
E4_mix_rwwiki_13M_8ep,250,12384,6.0667,431
E4_mix_rwwiki_13M_8ep,300,12384,5.9238,374
E4_mix_rwwiki_13M_8ep,350,12384,5.4931,243
E4_mix_rwwiki_13M_8ep,400,12384,5.0677,159
E4_mix_rwwiki_13M_8ep,450,12384,4.9079,135
E4_mix_rwwiki_13M_8ep,500,12384,4.8489,128
E4_mix_rwwiki_13M_8ep,550,12384,4.1646,64
E4_mix_rwwiki_13M_8ep,600,12384,4.3319,76
E4_mix_rwwiki_13M_8ep,650,12384,4.1125,61
E4_mix_rwwiki_13M_8ep,700,12384,3.6793,40
E4_mix_rwwiki_13M_8ep,750,12384,3.4599,32
E4_mix_rwwiki_13M_8ep,800,12384,3.6307,38
E4_mix_rwwiki_13M_8ep,850,12384,3.3476,28
E4_mix_rwwiki_13M_8ep,900,12384,2.9271,19
E4_mix_rwwiki_13M_8ep,950,12384,3.4476,31
E4_mix_rwwiki_13M_8ep,1000,12384,3.3612,29
E4_mix_rwwiki_13M_8ep,1050,12384,3.0393,21
E4_mix_rwwiki_13M_8ep,1100,12384,2.8141,17
E4_mix_rwwiki_13M_8ep,1150,12384,2.9412,19
E4_mix_rwwiki_13M_8ep,1200,12384,2.7146,15
E4_mix_rwwiki_13M_8ep,1250,12384,2.8857,18
E4_mix_rwwiki_13M_8ep,1300,12384,2.8898,18
E4_mix_rwwiki_13M_8ep,1350,12384,3.0256,21
E4_mix_rwwiki_13M_8ep,1400,12384,2.6881,15
E4_mix_rwwiki_13M_8ep,1450,12384,2.5912,13
E4_mix_rwwiki_13M_8ep,1500,12384,2.8730,18
E4_mix_rwwiki_13M_8ep,1550,12384,2.4302,11
E4_mix_rwwiki_13M_8ep,1600,12384,2.3433,10
E4_mix_rwwiki_13M_8ep,1650,12384,2.7963,16
E4_mix_rwwiki_13M_8ep,1700,12384,2.3974,11
E4_mix_rwwiki_13M_8ep,1750,12384,2.1742,9
E4_mix_rwwiki_13M_8ep,1800,12384,2.5131,12
E4_mix_rwwiki_13M_8ep,1850,12384,2.2819,10
E4_mix_rwwiki_13M_8ep,1900,12384,2.3684,11
E4_mix_rwwiki_13M_8ep,1950,12384,2.3850,11
E4_mix_rwwiki_13M_8ep,2000,12384,2.3441,10
E4_mix_rwwiki_13M_8ep,2050,12384,2.3314,10
E4_mix_rwwiki_13M_8ep,2100,12384,2.5421,13
E4_mix_rwwiki_13M_8ep,2150,12384,2.1676,9
E4_mix_rwwiki_13M_8ep,2200,12384,2.2351,9
E4_mix_rwwiki_13M_8ep,2250,12384,2.3372,10
E4_mix_rwwiki_13M_8ep,2300,12384,2.7914,16
E4_mix_rwwiki_13M_8ep,2350,12384,2.2148,9
E4_mix_rwwiki_13M_8ep,2400,12384,2.3722,11
E4_mix_rwwiki_13M_8ep,2450,12384,2.0510,8
E4_mix_rwwiki_13M_8ep,2500,12384,2.4617,12
E4_mix_rwwiki_13M_8ep,2550,12384,2.1452,9
E4_mix_rwwiki_13M_8ep,2600,12384,2.5775,13
E4_mix_rwwiki_13M_8ep,2650,12384,2.0938,8
E4_mix_rwwiki_13M_8ep,2700,12384,2.1576,9
E4_mix_rwwiki_13M_8ep,2750,12384,2.1751,9
E4_mix_rwwiki_13M_8ep,2800,12384,2.2561,10
E4_mix_rwwiki_13M_8ep,2850,12384,2.0077,7
E4_mix_rwwiki_13M_8ep,2900,12384,2.4430,12
E4_mix_rwwiki_13M_8ep,2950,12384,2.1444,9
E4_mix_rwwiki_13M_8ep,3000,12384,2.0309,8
E4_mix_rwwiki_13M_8ep,3050,12384,2.2461,9
E4_mix_rwwiki_13M_8ep,3100,12384,1.9071,7
E4_mix_rwwiki_13M_8ep,3150,12384,1.7510,6
E4_mix_rwwiki_13M_8ep,3200,12384,2.1577,9
E4_mix_rwwiki_13M_8ep,3250,12384,1.8360,6
E4_mix_rwwiki_13M_8ep,3300,12384,1.9467,7
E4_mix_rwwiki_13M_8ep,3350,12384,1.8833,7
E4_mix_rwwiki_13M_8ep,3400,12384,1.9907,7
E4_mix_rwwiki_13M_8ep,3450,12384,1.9694,7
E4_mix_rwwiki_13M_8ep,3500,12384,1.9307,7
E4_mix_rwwiki_13M_8ep,3550,12384,2.1944,9
E4_mix_rwwiki_13M_8ep,3600,12384,2.0685,8
E4_mix_rwwiki_13M_8ep,3650,12384,1.8815,7
E4_mix_rwwiki_13M_8ep,3700,12384,1.9764,7
E4_mix_rwwiki_13M_8ep,3750,12384,1.6627,5
E4_mix_rwwiki_13M_8ep,3800,12384,2.0887,8
E4_mix_rwwiki_13M_8ep,3850,12384,2.0330,8
E4_mix_rwwiki_13M_8ep,3900,12384,1.9879,7
E4_mix_rwwiki_13M_8ep,3950,12384,1.8392,6
E4_mix_rwwiki_13M_8ep,4000,12384,1.9379,7
E4_mix_rwwiki_13M_8ep,4050,12384,2.0284,8
E4_mix_rwwiki_13M_8ep,4100,12384,1.9520,7
E4_mix_rwwiki_13M_8ep,4150,12384,1.8023,6
E4_mix_rwwiki_13M_8ep,4200,12384,1.9780,7
E4_mix_rwwiki_13M_8ep,4250,12384,2.0104,7
E4_mix_rwwiki_13M_8ep,4300,12384,1.8451,6
E4_mix_rwwiki_13M_8ep,4350,12384,2.3757,11
E4_mix_rwwiki_13M_8ep,4400,12384,1.8467,6
E4_mix_rwwiki_13M_8ep,4450,12384,2.1062,8
E4_mix_rwwiki_13M_8ep,4500,12384,1.8393,6
E4_mix_rwwiki_13M_8ep,4550,12384,1.8674,6
E4_mix_rwwiki_13M_8ep,4600,12384,1.6332,5
E4_mix_rwwiki_13M_8ep,4650,12384,1.5577,5
E4_mix_rwwiki_13M_8ep,4700,12384,1.6116,5
E4_mix_rwwiki_13M_8ep,4750,12384,1.6199,5
E4_mix_rwwiki_13M_8ep,4800,12384,1.5237,5
E4_mix_rwwiki_13M_8ep,4850,12384,1.5082,5
E4_mix_rwwiki_13M_8ep,4900,12384,1.7610,6
E4_mix_rwwiki_13M_8ep,4950,12384,1.6934,5
E4_mix_rwwiki_13M_8ep,5000,12384,1.7814,6
E4_mix_rwwiki_13M_8ep,5050,12384,1.6101,5
E4_mix_rwwiki_13M_8ep,5100,12384,1.6402,5
E4_mix_rwwiki_13M_8ep,5150,12384,1.5921,5
E4_mix_rwwiki_13M_8ep,5200,12384,1.6356,5
E4_mix_rwwiki_13M_8ep,5250,12384,1.7938,6
E4_mix_rwwiki_13M_8ep,5300,12384,1.8508,6
E4_mix_rwwiki_13M_8ep,5350,12384,1.8029,6
E4_mix_rwwiki_13M_8ep,5400,12384,1.6901,5
E4_mix_rwwiki_13M_8ep,5450,12384,1.8170,6
E4_mix_rwwiki_13M_8ep,5500,12384,1.7092,6
E4_mix_rwwiki_13M_8ep,5550,12384,1.7133,6
E4_mix_rwwiki_13M_8ep,5600,12384,1.7771,6
E4_mix_rwwiki_13M_8ep,5650,12384,1.8152,6
E4_mix_rwwiki_13M_8ep,5700,12384,1.7823,6
E4_mix_rwwiki_13M_8ep,5750,12384,1.8310,6
E4_mix_rwwiki_13M_8ep,5800,12384,1.6449,5
E4_mix_rwwiki_13M_8ep,5850,12384,1.6636,5
E4_mix_rwwiki_13M_8ep,5900,12384,1.9239,7
E4_mix_rwwiki_13M_8ep,5950,12384,1.7650,6
E4_mix_rwwiki_13M_8ep,6000,12384,1.6163,5
E4_mix_rwwiki_13M_8ep,6050,12384,1.8515,6
E4_mix_rwwiki_13M_8ep,6100,12384,1.6365,5
E4_mix_rwwiki_13M_8ep,6150,12384,1.6717,5
E4_mix_rwwiki_13M_8ep,6200,12384,1.4412,4
E4_mix_rwwiki_13M_8ep,6250,12384,1.5986,5
E4_mix_rwwiki_13M_8ep,6300,12384,1.3446,4
E4_mix_rwwiki_13M_8ep,6350,12384,1.6220,5
E4_mix_rwwiki_13M_8ep,6400,12384,1.6094,5
E4_mix_rwwiki_13M_8ep,6450,12384,1.4570,4
E4_mix_rwwiki_13M_8ep,6500,12384,1.4017,4
E4_mix_rwwiki_13M_8ep,6550,12384,1.6845,5
E4_mix_rwwiki_13M_8ep,6600,12384,1.5036,4
E4_mix_rwwiki_13M_8ep,6650,12384,1.5747,5
E4_mix_rwwiki_13M_8ep,6700,12384,1.5201,5
E4_mix_rwwiki_13M_8ep,6750,12384,1.3988,4
E4_mix_rwwiki_13M_8ep,6800,12384,1.6175,5
E4_mix_rwwiki_13M_8ep,6850,12384,1.4065,4
E4_mix_rwwiki_13M_8ep,6900,12384,1.7130,6
E4_mix_rwwiki_13M_8ep,6950,12384,1.4452,4
E4_mix_rwwiki_13M_8ep,7000,12384,1.5531,5
E4_mix_rwwiki_13M_8ep,7050,12384,1.5433,5
E4_mix_rwwiki_13M_8ep,7100,12384,1.5784,5
E4_mix_rwwiki_13M_8ep,7150,12384,1.7354,6
E4_mix_rwwiki_13M_8ep,7200,12384,1.6287,5
E4_mix_rwwiki_13M_8ep,7250,12384,1.5919,5
E4_mix_rwwiki_13M_8ep,7300,12384,1.7346,6
E4_mix_rwwiki_13M_8ep,7350,12384,1.5422,5
E4_mix_rwwiki_13M_8ep,7400,12384,1.6628,5
E4_mix_rwwiki_13M_8ep,7450,12384,1.8157,6
E4_mix_rwwiki_13M_8ep,7500,12384,1.7262,6
E4_mix_rwwiki_13M_8ep,7550,12384,1.6048,5
E4_mix_rwwiki_13M_8ep,7600,12384,1.6459,5
E4_mix_rwwiki_13M_8ep,7650,12384,1.5724,5
E4_mix_rwwiki_13M_8ep,7700,12384,1.6761,5
E4_mix_rwwiki_13M_8ep,7750,12384,1.1624,3
E4_mix_rwwiki_13M_8ep,7800,12384,1.3955,4
E4_mix_rwwiki_13M_8ep,7850,12384,1.2842,4
E4_mix_rwwiki_13M_8ep,7900,12384,1.2748,4
E4_mix_rwwiki_13M_8ep,7950,12384,1.2396,3
E4_mix_rwwiki_13M_8ep,8000,12384,1.2578,4
E4_mix_rwwiki_13M_8ep,8050,12384,1.3817,4
E4_mix_rwwiki_13M_8ep,8100,12384,1.4929,4
E4_mix_rwwiki_13M_8ep,8150,12384,1.3236,4
E4_mix_rwwiki_13M_8ep,8200,12384,1.5266,5
E4_mix_rwwiki_13M_8ep,8250,12384,1.3013,4
E4_mix_rwwiki_13M_8ep,8300,12384,1.4203,4
E4_mix_rwwiki_13M_8ep,8350,12384,1.4328,4
E4_mix_rwwiki_13M_8ep,8400,12384,1.2753,4
E4_mix_rwwiki_13M_8ep,8450,12384,1.2731,4
E4_mix_rwwiki_13M_8ep,8500,12384,1.4487,4
E4_mix_rwwiki_13M_8ep,8550,12384,1.4321,4
E4_mix_rwwiki_13M_8ep,8600,12384,1.3988,4
E4_mix_rwwiki_13M_8ep,8650,12384,1.3821,4
E4_mix_rwwiki_13M_8ep,8700,12384,1.3843,4
E4_mix_rwwiki_13M_8ep,8750,12384,1.4358,4
E4_mix_rwwiki_13M_8ep,8800,12384,1.3102,4
E4_mix_rwwiki_13M_8ep,8850,12384,1.4856,4
E4_mix_rwwiki_13M_8ep,8900,12384,1.4121,4
E4_mix_rwwiki_13M_8ep,8950,12384,1.3860,4
E4_mix_rwwiki_13M_8ep,9000,12384,1.5428,5
E4_mix_rwwiki_13M_8ep,9050,12384,1.4652,4
E4_mix_rwwiki_13M_8ep,9100,12384,1.3824,4
E4_mix_rwwiki_13M_8ep,9150,12384,1.5958,5
E4_mix_rwwiki_13M_8ep,9200,12384,1.2981,4
E4_mix_rwwiki_13M_8ep,9250,12384,1.5706,5
E4_mix_rwwiki_13M_8ep,9300,12384,1.0364,3
E4_mix_rwwiki_13M_8ep,9350,12384,1.1221,3
E4_mix_rwwiki_13M_8ep,9400,12384,1.1740,3
E4_mix_rwwiki_13M_8ep,9450,12384,1.0113,3
E4_mix_rwwiki_13M_8ep,9500,12384,1.2354,3
E4_mix_rwwiki_13M_8ep,9550,12384,1.2210,3
E4_mix_rwwiki_13M_8ep,9600,12384,1.2249,3
E4_mix_rwwiki_13M_8ep,9650,12384,1.0090,3
E4_mix_rwwiki_13M_8ep,9700,12384,1.2611,4
E4_mix_rwwiki_13M_8ep,9750,12384,1.2066,3
E4_mix_rwwiki_13M_8ep,9800,12384,1.1682,3
E4_mix_rwwiki_13M_8ep,9850,12384,1.2458,3
E4_mix_rwwiki_13M_8ep,9900,12384,1.1336,3
E4_mix_rwwiki_13M_8ep,9950,12384,1.3286,4
E4_mix_rwwiki_13M_8ep,10000,12384,1.2401,3
E4_mix_rwwiki_13M_8ep,10050,12384,1.2165,3
E4_mix_rwwiki_13M_8ep,10100,12384,1.4726,4
E4_mix_rwwiki_13M_8ep,10150,12384,1.3097,4
E4_mix_rwwiki_13M_8ep,10200,12384,1.4226,4
E4_mix_rwwiki_13M_8ep,10250,12384,1.2666,4
E4_mix_rwwiki_13M_8ep,10300,12384,1.2466,3
E4_mix_rwwiki_13M_8ep,10350,12384,1.2577,4
E4_mix_rwwiki_13M_8ep,10400,12384,1.2303,3
E4_mix_rwwiki_13M_8ep,10450,12384,1.3235,4
E4_mix_rwwiki_13M_8ep,10500,12384,1.2684,4
E4_mix_rwwiki_13M_8ep,10550,12384,1.3149,4
E4_mix_rwwiki_13M_8ep,10600,12384,1.3666,4
E4_mix_rwwiki_13M_8ep,10650,12384,1.5056,5
E4_mix_rwwiki_13M_8ep,10700,12384,1.4822,4
E4_mix_rwwiki_13M_8ep,10750,12384,1.4100,4
E4_mix_rwwiki_13M_8ep,10800,12384,1.3390,4
E4_mix_rwwiki_13M_8ep,10850,12384,0.8760,2
E4_mix_rwwiki_13M_8ep,10900,12384,0.8433,2
E4_mix_rwwiki_13M_8ep,10950,12384,0.8364,2
E4_mix_rwwiki_13M_8ep,11000,12384,0.8533,2
E4_mix_rwwiki_13M_8ep,11050,12384,0.7845,2
E4_mix_rwwiki_13M_8ep,11100,12384,0.8455,2
E4_mix_rwwiki_13M_8ep,11150,12384,0.9042,2
E4_mix_rwwiki_13M_8ep,11200,12384,0.8264,2
E4_mix_rwwiki_13M_8ep,11250,12384,0.8264,2
E4_mix_rwwiki_13M_8ep,11300,12384,0.9546,3
E4_mix_rwwiki_13M_8ep,11350,12384,1.0240,3
E4_mix_rwwiki_13M_8ep,11400,12384,0.8707,2
E4_mix_rwwiki_13M_8ep,11450,12384,0.8676,2
E4_mix_rwwiki_13M_8ep,11500,12384,0.9219,3
E4_mix_rwwiki_13M_8ep,11550,12384,0.8751,2
E4_mix_rwwiki_13M_8ep,11600,12384,0.8821,2
E4_mix_rwwiki_13M_8ep,11650,12384,0.6980,2
E4_mix_rwwiki_13M_8ep,11700,12384,0.8270,2
E4_mix_rwwiki_13M_8ep,11750,12384,0.9568,3
E4_mix_rwwiki_13M_8ep,11800,12384,0.8399,2
E4_mix_rwwiki_13M_8ep,11850,12384,0.7947,2
E4_mix_rwwiki_13M_8ep,11900,12384,0.7729,2
E4_mix_rwwiki_13M_8ep,11950,12384,0.7331,2
E4_mix_rwwiki_13M_8ep,12000,12384,0.7792,2
E4_mix_rwwiki_13M_8ep,12050,12384,0.7815,2
E4_mix_rwwiki_13M_8ep,12100,12384,0.7434,2
E4_mix_rwwiki_13M_8ep,12150,12384,0.7093,2
E4_mix_rwwiki_13M_8ep,12200,12384,0.9100,2
E4_mix_rwwiki_13M_8ep,12250,12384,0.7563,2
E4_mix_rwwiki_13M_8ep,12300,12384,0.7678,2
E4_mix_rwwiki_13M_8ep,12350,12384,0.8627,2
S1_deep_narrow_48L_23M_2ep,1,10824,9.1140,9082
S1_deep_narrow_48L_23M_2ep,2,10824,9.0515,8532
S1_deep_narrow_48L_23M_2ep,3,10824,8.7922,6582
S1_deep_narrow_48L_23M_2ep,4,10824,8.9221,7496
S1_deep_narrow_48L_23M_2ep,5,10824,8.9499,7707
S1_deep_narrow_48L_23M_2ep,6,10824,8.8548,7008
S1_deep_narrow_48L_23M_2ep,7,10824,8.8032,6655
S1_deep_narrow_48L_23M_2ep,8,10824,8.7750,6471
S1_deep_narrow_48L_23M_2ep,9,10824,8.7194,6121
S1_deep_narrow_48L_23M_2ep,10,10824,8.6817,5894
S1_deep_narrow_48L_23M_2ep,50,10824,8.1428,3439
S1_deep_narrow_48L_23M_2ep,100,10824,7.4271,1681
S1_deep_narrow_48L_23M_2ep,150,10824,6.6099,742
S1_deep_narrow_48L_23M_2ep,200,10824,6.4480,631
S1_deep_narrow_48L_23M_2ep,250,10824,6.1059,448
S1_deep_narrow_48L_23M_2ep,300,10824,5.6809,293
S1_deep_narrow_48L_23M_2ep,350,10824,5.1921,180
S1_deep_narrow_48L_23M_2ep,400,10824,4.7249,113
S1_deep_narrow_48L_23M_2ep,450,10824,4.8177,124
S1_deep_narrow_48L_23M_2ep,500,10824,4.6817,108
S1_deep_narrow_48L_23M_2ep,550,10824,3.9369,51
S1_deep_narrow_48L_23M_2ep,600,10824,4.3119,75
S1_deep_narrow_48L_23M_2ep,650,10824,3.8164,45
S1_deep_narrow_48L_23M_2ep,700,10824,3.7045,41
S1_deep_narrow_48L_23M_2ep,750,10824,3.6413,38
S1_deep_narrow_48L_23M_2ep,800,10824,3.3819,29
S1_deep_narrow_48L_23M_2ep,850,10824,3.1286,23
S1_deep_narrow_48L_23M_2ep,900,10824,3.2205,25
S1_deep_narrow_48L_23M_2ep,950,10824,3.3065,27
S1_deep_narrow_48L_23M_2ep,1000,10824,3.2579,26
S1_deep_narrow_48L_23M_2ep,1050,10824,3.1112,22
S1_deep_narrow_48L_23M_2ep,1100,10824,2.9616,19
S1_deep_narrow_48L_23M_2ep,1150,10824,3.0808,22
S1_deep_narrow_48L_23M_2ep,1200,10824,2.7976,16
S1_deep_narrow_48L_23M_2ep,1250,10824,2.4273,11
S1_deep_narrow_48L_23M_2ep,1300,10824,2.6359,14
S1_deep_narrow_48L_23M_2ep,1350,10824,2.7421,16
S1_deep_narrow_48L_23M_2ep,1400,10824,2.4517,12
S1_deep_narrow_48L_23M_2ep,1450,10824,2.9207,19
S1_deep_narrow_48L_23M_2ep,1500,10824,2.7652,16
S1_deep_narrow_48L_23M_2ep,1550,10824,2.8582,17
S1_deep_narrow_48L_23M_2ep,1600,10824,2.4344,11
S1_deep_narrow_48L_23M_2ep,1650,10824,2.4896,12
S1_deep_narrow_48L_23M_2ep,1700,10824,2.5278,13
S1_deep_narrow_48L_23M_2ep,1750,10824,2.6952,15
S1_deep_narrow_48L_23M_2ep,1800,10824,2.0364,8
S1_deep_narrow_48L_23M_2ep,1850,10824,2.3641,11
S1_deep_narrow_48L_23M_2ep,1900,10824,2.3065,10
S1_deep_narrow_48L_23M_2ep,1950,10824,2.2269,9
S1_deep_narrow_48L_23M_2ep,2000,10824,2.6294,14
S1_deep_narrow_48L_23M_2ep,2050,10824,2.1309,8
S1_deep_narrow_48L_23M_2ep,2100,10824,2.2333,9
S1_deep_narrow_48L_23M_2ep,2150,10824,2.3427,10
S1_deep_narrow_48L_23M_2ep,2200,10824,2.3134,10
S1_deep_narrow_48L_23M_2ep,2250,10824,2.4257,11
S1_deep_narrow_48L_23M_2ep,2300,10824,2.0055,7
S1_deep_narrow_48L_23M_2ep,2350,10824,2.3483,10
S1_deep_narrow_48L_23M_2ep,2400,10824,1.9987,7
S1_deep_narrow_48L_23M_2ep,2450,10824,2.0406,8
S1_deep_narrow_48L_23M_2ep,2500,10824,1.9786,7
S1_deep_narrow_48L_23M_2ep,2550,10824,2.2792,10
S1_deep_narrow_48L_23M_2ep,2600,10824,2.1077,8
S1_deep_narrow_48L_23M_2ep,2650,10824,2.2625,10
S1_deep_narrow_48L_23M_2ep,2700,10824,2.0778,8
S1_deep_narrow_48L_23M_2ep,2750,10824,1.9856,7
S1_deep_narrow_48L_23M_2ep,2800,10824,2.0153,8
S1_deep_narrow_48L_23M_2ep,2850,10824,2.2330,9
S1_deep_narrow_48L_23M_2ep,2900,10824,2.2365,9
S1_deep_narrow_48L_23M_2ep,2950,10824,2.1405,9
S1_deep_narrow_48L_23M_2ep,3000,10824,2.0430,8
S1_deep_narrow_48L_23M_2ep,3050,10824,2.1386,8
S1_deep_narrow_48L_23M_2ep,3100,10824,1.6913,5
S1_deep_narrow_48L_23M_2ep,3150,10824,2.1564,9
S1_deep_narrow_48L_23M_2ep,3200,10824,1.9591,7
S1_deep_narrow_48L_23M_2ep,3250,10824,2.0777,8
S1_deep_narrow_48L_23M_2ep,3300,10824,1.8248,6
S1_deep_narrow_48L_23M_2ep,3350,10824,2.0904,8
S1_deep_narrow_48L_23M_2ep,3400,10824,2.2124,9
S1_deep_narrow_48L_23M_2ep,3450,10824,2.0133,7
S1_deep_narrow_48L_23M_2ep,3500,10824,1.8912,7
S1_deep_narrow_48L_23M_2ep,3550,10824,1.9656,7
S1_deep_narrow_48L_23M_2ep,3600,10824,2.0694,8
S1_deep_narrow_48L_23M_2ep,3650,10824,1.9399,7
S1_deep_narrow_48L_23M_2ep,3700,10824,1.8653,6
S1_deep_narrow_48L_23M_2ep,3750,10824,1.8740,7
S1_deep_narrow_48L_23M_2ep,3800,10824,1.6988,5
S1_deep_narrow_48L_23M_2ep,3850,10824,1.8809,7
S1_deep_narrow_48L_23M_2ep,3900,10824,2.5124,12
S1_deep_narrow_48L_23M_2ep,3950,10824,1.8997,7
S1_deep_narrow_48L_23M_2ep,4000,10824,1.8485,6
S1_deep_narrow_48L_23M_2ep,4050,10824,2.0067,7
S1_deep_narrow_48L_23M_2ep,4100,10824,1.8127,6
S1_deep_narrow_48L_23M_2ep,4150,10824,2.0471,8
S1_deep_narrow_48L_23M_2ep,4200,10824,1.7011,5
S1_deep_narrow_48L_23M_2ep,4250,10824,2.0239,8
S1_deep_narrow_48L_23M_2ep,4300,10824,1.5370,5
S1_deep_narrow_48L_23M_2ep,4350,10824,1.7132,6
S1_deep_narrow_48L_23M_2ep,4400,10824,1.6693,5
S1_deep_narrow_48L_23M_2ep,4450,10824,2.1447,9
S1_deep_narrow_48L_23M_2ep,4500,10824,1.9573,7
S1_deep_narrow_48L_23M_2ep,4550,10824,1.9215,7
S1_deep_narrow_48L_23M_2ep,4600,10824,1.8995,7
S1_deep_narrow_48L_23M_2ep,4650,10824,1.9633,7
S1_deep_narrow_48L_23M_2ep,4700,10824,2.0315,8
S1_deep_narrow_48L_23M_2ep,4750,10824,1.8938,7
S1_deep_narrow_48L_23M_2ep,4800,10824,1.9867,7
S1_deep_narrow_48L_23M_2ep,4850,10824,2.1697,9
S1_deep_narrow_48L_23M_2ep,4900,10824,1.7837,6
S1_deep_narrow_48L_23M_2ep,4950,10824,1.9948,7
S1_deep_narrow_48L_23M_2ep,5000,10824,1.9823,7
S1_deep_narrow_48L_23M_2ep,5050,10824,1.9594,7
S1_deep_narrow_48L_23M_2ep,5100,10824,1.8320,6
S1_deep_narrow_48L_23M_2ep,5150,10824,2.1329,8
S1_deep_narrow_48L_23M_2ep,5200,10824,1.7440,6
S1_deep_narrow_48L_23M_2ep,5250,10824,1.7434,6
S1_deep_narrow_48L_23M_2ep,5300,10824,1.7066,6
S1_deep_narrow_48L_23M_2ep,5350,10824,2.0381,8
S1_deep_narrow_48L_23M_2ep,5400,10824,1.9070,7
S1_deep_narrow_48L_23M_2ep,5450,10824,2.0321,8
S1_deep_narrow_48L_23M_2ep,5500,10824,1.4464,4
S1_deep_narrow_48L_23M_2ep,5550,10824,1.5620,5
S1_deep_narrow_48L_23M_2ep,5600,10824,1.7665,6
S1_deep_narrow_48L_23M_2ep,5650,10824,1.8176,6
S1_deep_narrow_48L_23M_2ep,5700,10824,1.7649,6
S1_deep_narrow_48L_23M_2ep,5750,10824,1.7465,6
S1_deep_narrow_48L_23M_2ep,5800,10824,1.5955,5
S1_deep_narrow_48L_23M_2ep,5850,10824,1.7571,6
S1_deep_narrow_48L_23M_2ep,5900,10824,1.8231,6
S1_deep_narrow_48L_23M_2ep,5950,10824,1.6780,5
S1_deep_narrow_48L_23M_2ep,6000,10824,1.7037,5
S1_deep_narrow_48L_23M_2ep,6050,10824,1.5210,5
S1_deep_narrow_48L_23M_2ep,6100,10824,1.6656,5
S1_deep_narrow_48L_23M_2ep,6150,10824,1.8910,7
S1_deep_narrow_48L_23M_2ep,6200,10824,1.7641,6
S1_deep_narrow_48L_23M_2ep,6250,10824,1.8549,6
S1_deep_narrow_48L_23M_2ep,6300,10824,1.6204,5
S1_deep_narrow_48L_23M_2ep,6350,10824,1.8682,6
S1_deep_narrow_48L_23M_2ep,6400,10824,1.8916,7
S1_deep_narrow_48L_23M_2ep,6450,10824,1.8001,6
S1_deep_narrow_48L_23M_2ep,6500,10824,1.7416,6
S1_deep_narrow_48L_23M_2ep,6550,10824,1.9458,7
S1_deep_narrow_48L_23M_2ep,6600,10824,1.8141,6
S1_deep_narrow_48L_23M_2ep,6650,10824,1.7044,5
S1_deep_narrow_48L_23M_2ep,6700,10824,1.7525,6
S1_deep_narrow_48L_23M_2ep,6750,10824,1.7400,6
S1_deep_narrow_48L_23M_2ep,6800,10824,1.6568,5
S1_deep_narrow_48L_23M_2ep,6850,10824,1.6551,5
S1_deep_narrow_48L_23M_2ep,6900,10824,1.7311,6
S1_deep_narrow_48L_23M_2ep,6950,10824,1.6865,5
S1_deep_narrow_48L_23M_2ep,7000,10824,1.6961,5
S1_deep_narrow_48L_23M_2ep,7050,10824,1.6114,5
S1_deep_narrow_48L_23M_2ep,7100,10824,1.6673,5
S1_deep_narrow_48L_23M_2ep,7150,10824,1.6513,5
S1_deep_narrow_48L_23M_2ep,7200,10824,1.7297,6
S1_deep_narrow_48L_23M_2ep,7250,10824,1.5982,5
S1_deep_narrow_48L_23M_2ep,7300,10824,1.7354,6
S1_deep_narrow_48L_23M_2ep,7350,10824,1.8025,6
S1_deep_narrow_48L_23M_2ep,7400,10824,1.7369,6
S1_deep_narrow_48L_23M_2ep,7450,10824,1.7567,6
S1_deep_narrow_48L_23M_2ep,7500,10824,1.8169,6
S1_deep_narrow_48L_23M_2ep,7550,10824,1.6001,5
S1_deep_narrow_48L_23M_2ep,7600,10824,1.9384,7
S1_deep_narrow_48L_23M_2ep,7650,10824,1.7597,6
S1_deep_narrow_48L_23M_2ep,7700,10824,1.5460,5
S1_deep_narrow_48L_23M_2ep,7750,10824,1.7438,6
S1_deep_narrow_48L_23M_2ep,7800,10824,1.8573,6
S1_deep_narrow_48L_23M_2ep,7850,10824,1.7564,6
S1_deep_narrow_48L_23M_2ep,7900,10824,1.6642,5
S1_deep_narrow_48L_23M_2ep,7950,10824,1.5340,5
S1_deep_narrow_48L_23M_2ep,8000,10824,1.7729,6
S1_deep_narrow_48L_23M_2ep,8050,10824,1.6693,5
S1_deep_narrow_48L_23M_2ep,8100,10824,1.7577,6
S1_deep_narrow_48L_23M_2ep,8150,10824,1.6189,5
S1_deep_narrow_48L_23M_2ep,8200,10824,1.5532,5
S1_deep_narrow_48L_23M_2ep,8250,10824,1.9064,7
S1_deep_narrow_48L_23M_2ep,8300,10824,1.8916,7
S1_deep_narrow_48L_23M_2ep,8350,10824,1.7949,6
S1_deep_narrow_48L_23M_2ep,8400,10824,1.7637,6
S1_deep_narrow_48L_23M_2ep,8450,10824,1.6941,5
S1_deep_narrow_48L_23M_2ep,8500,10824,1.5847,5
S1_deep_narrow_48L_23M_2ep,8550,10824,1.7965,6
S1_deep_narrow_48L_23M_2ep,8600,10824,1.8210,6
S1_deep_narrow_48L_23M_2ep,8650,10824,1.8378,6
S1_deep_narrow_48L_23M_2ep,8700,10824,1.6889,5
S1_deep_narrow_48L_23M_2ep,8750,10824,1.7740,6
S1_deep_narrow_48L_23M_2ep,8800,10824,1.4154,4
S1_deep_narrow_48L_23M_2ep,8850,10824,1.7328,6
S1_deep_narrow_48L_23M_2ep,8900,10824,1.6692,5
S1_deep_narrow_48L_23M_2ep,8950,10824,1.5670,5
S1_deep_narrow_48L_23M_2ep,9000,10824,1.6161,5
S1_deep_narrow_48L_23M_2ep,9050,10824,1.6194,5
S1_deep_narrow_48L_23M_2ep,9100,10824,1.6872,5
S1_deep_narrow_48L_23M_2ep,9150,10824,1.6937,5
S1_deep_narrow_48L_23M_2ep,9200,10824,1.8676,6
S1_deep_narrow_48L_23M_2ep,9250,10824,1.8701,6
S1_deep_narrow_48L_23M_2ep,9300,10824,1.6485,5
S1_deep_narrow_48L_23M_2ep,9350,10824,1.6907,5
S1_deep_narrow_48L_23M_2ep,9400,10824,1.7669,6
S1_deep_narrow_48L_23M_2ep,9450,10824,1.6618,5
S1_deep_narrow_48L_23M_2ep,9500,10824,1.6985,5
S1_deep_narrow_48L_23M_2ep,9550,10824,1.6978,5
S1_deep_narrow_48L_23M_2ep,9600,10824,1.6566,5
S1_deep_narrow_48L_23M_2ep,9650,10824,1.6689,5
S1_deep_narrow_48L_23M_2ep,9700,10824,1.7271,6
S1_deep_narrow_48L_23M_2ep,9750,10824,1.3952,4
S1_deep_narrow_48L_23M_2ep,9800,10824,1.6549,5
S1_deep_narrow_48L_23M_2ep,9850,10824,1.3005,4
S1_deep_narrow_48L_23M_2ep,9900,10824,1.6423,5
S1_deep_narrow_48L_23M_2ep,9950,10824,1.6321,5
S1_deep_narrow_48L_23M_2ep,10000,10824,1.3705,4
S1_deep_narrow_48L_23M_2ep,10050,10824,1.4603,4
S1_deep_narrow_48L_23M_2ep,10100,10824,1.4923,4
S1_deep_narrow_48L_23M_2ep,10150,10824,1.6328,5
S1_deep_narrow_48L_23M_2ep,10200,10824,1.5740,5
S1_deep_narrow_48L_23M_2ep,10250,10824,1.3378,4
S1_deep_narrow_48L_23M_2ep,10300,10824,1.3688,4
S1_deep_narrow_48L_23M_2ep,10350,10824,1.5249,5
S1_deep_narrow_48L_23M_2ep,10400,10824,1.4877,4
S1_deep_narrow_48L_23M_2ep,10450,10824,1.7734,6
S1_deep_narrow_48L_23M_2ep,10500,10824,1.3306,4
S1_deep_narrow_48L_23M_2ep,10550,10824,1.4911,4
S1_deep_narrow_48L_23M_2ep,10600,10824,1.6551,5
S1_deep_narrow_48L_23M_2ep,10650,10824,1.5197,5
S1_deep_narrow_48L_23M_2ep,10700,10824,1.5111,5
S1_deep_narrow_48L_23M_2ep,10750,10824,1.4474,4
S1_deep_narrow_48L_23M_2ep,10800,10824,1.5944,5
S2_wide_shallow_1024d_23M_2ep,1,10824,9.2100,9997
S2_wide_shallow_1024d_23M_2ep,2,10824,8.6608,5772
S2_wide_shallow_1024d_23M_2ep,3,10824,8.5225,5027
S2_wide_shallow_1024d_23M_2ep,4,10824,8.5748,5296
S2_wide_shallow_1024d_23M_2ep,5,10824,8.5776,5311
S2_wide_shallow_1024d_23M_2ep,6,10824,8.5585,5211
S2_wide_shallow_1024d_23M_2ep,7,10824,8.6156,5517
S2_wide_shallow_1024d_23M_2ep,8,10824,8.5443,5137
S2_wide_shallow_1024d_23M_2ep,9,10824,8.5872,5362
S2_wide_shallow_1024d_23M_2ep,10,10824,8.4562,4704
S2_wide_shallow_1024d_23M_2ep,50,10824,7.5852,1969
S2_wide_shallow_1024d_23M_2ep,100,10824,6.8629,956
S2_wide_shallow_1024d_23M_2ep,150,10824,5.8563,349
S2_wide_shallow_1024d_23M_2ep,200,10824,5.3756,216
S2_wide_shallow_1024d_23M_2ep,250,10824,5.2297,187
S2_wide_shallow_1024d_23M_2ep,300,10824,4.7260,113
S2_wide_shallow_1024d_23M_2ep,350,10824,4.5914,99
S2_wide_shallow_1024d_23M_2ep,400,10824,4.4565,86
S2_wide_shallow_1024d_23M_2ep,450,10824,4.3372,76
S2_wide_shallow_1024d_23M_2ep,500,10824,3.8606,47
S2_wide_shallow_1024d_23M_2ep,550,10824,3.8890,49
S2_wide_shallow_1024d_23M_2ep,600,10824,3.7618,43
S2_wide_shallow_1024d_23M_2ep,650,10824,3.5181,34
S2_wide_shallow_1024d_23M_2ep,700,10824,3.5711,36
S2_wide_shallow_1024d_23M_2ep,750,10824,3.0937,22
S2_wide_shallow_1024d_23M_2ep,800,10824,2.9924,20
S2_wide_shallow_1024d_23M_2ep,850,10824,2.7656,16
S2_wide_shallow_1024d_23M_2ep,900,10824,3.3175,28
S2_wide_shallow_1024d_23M_2ep,950,10824,2.9171,18
S2_wide_shallow_1024d_23M_2ep,1000,10824,2.8146,17
S2_wide_shallow_1024d_23M_2ep,1050,10824,2.6278,14
S2_wide_shallow_1024d_23M_2ep,1100,10824,2.6920,15
S2_wide_shallow_1024d_23M_2ep,1150,10824,2.7744,16
S2_wide_shallow_1024d_23M_2ep,1200,10824,2.8858,18
S2_wide_shallow_1024d_23M_2ep,1250,10824,2.7336,15
S2_wide_shallow_1024d_23M_2ep,1300,10824,2.5620,13
S2_wide_shallow_1024d_23M_2ep,1350,10824,2.7334,15
S2_wide_shallow_1024d_23M_2ep,1400,10824,2.5456,13
S2_wide_shallow_1024d_23M_2ep,1450,10824,2.5565,13
S2_wide_shallow_1024d_23M_2ep,1500,10824,2.4442,12
S2_wide_shallow_1024d_23M_2ep,1550,10824,2.6156,14
S2_wide_shallow_1024d_23M_2ep,1600,10824,2.4856,12
S2_wide_shallow_1024d_23M_2ep,1650,10824,2.0971,8
S2_wide_shallow_1024d_23M_2ep,1700,10824,2.6934,15
S2_wide_shallow_1024d_23M_2ep,1750,10824,2.0659,8
S2_wide_shallow_1024d_23M_2ep,1800,10824,2.3237,10
S2_wide_shallow_1024d_23M_2ep,1850,10824,2.3102,10
S2_wide_shallow_1024d_23M_2ep,1900,10824,2.4316,11
S2_wide_shallow_1024d_23M_2ep,1950,10824,2.2586,10
S2_wide_shallow_1024d_23M_2ep,2000,10824,2.2334,9
S2_wide_shallow_1024d_23M_2ep,2050,10824,2.2586,10
S2_wide_shallow_1024d_23M_2ep,2100,10824,2.2259,9
S2_wide_shallow_1024d_23M_2ep,2150,10824,2.4728,12
S2_wide_shallow_1024d_23M_2ep,2200,10824,2.1643,9
S2_wide_shallow_1024d_23M_2ep,2250,10824,1.9691,7
S2_wide_shallow_1024d_23M_2ep,2300,10824,2.3235,10
S2_wide_shallow_1024d_23M_2ep,2350,10824,2.0711,8
S2_wide_shallow_1024d_23M_2ep,2400,10824,1.9975,7
S2_wide_shallow_1024d_23M_2ep,2450,10824,2.1807,9
S2_wide_shallow_1024d_23M_2ep,2500,10824,2.1941,9
S2_wide_shallow_1024d_23M_2ep,2550,10824,2.0078,7
S2_wide_shallow_1024d_23M_2ep,2600,10824,2.0362,8
S2_wide_shallow_1024d_23M_2ep,2650,10824,1.9785,7
S2_wide_shallow_1024d_23M_2ep,2700,10824,2.1978,9
S2_wide_shallow_1024d_23M_2ep,2750,10824,2.2413,9
S2_wide_shallow_1024d_23M_2ep,2800,10824,2.3035,10
S2_wide_shallow_1024d_23M_2ep,2850,10824,2.2649,10
S2_wide_shallow_1024d_23M_2ep,2900,10824,1.9186,7
S2_wide_shallow_1024d_23M_2ep,2950,10824,2.0641,8
S2_wide_shallow_1024d_23M_2ep,3000,10824,1.9267,7
S2_wide_shallow_1024d_23M_2ep,3050,10824,2.0179,8
S2_wide_shallow_1024d_23M_2ep,3100,10824,2.1741,9
S2_wide_shallow_1024d_23M_2ep,3150,10824,2.2284,9
S2_wide_shallow_1024d_23M_2ep,3200,10824,2.2127,9
S2_wide_shallow_1024d_23M_2ep,3250,10824,2.0130,7
S2_wide_shallow_1024d_23M_2ep,3300,10824,2.2263,9
S2_wide_shallow_1024d_23M_2ep,3350,10824,1.8969,7
S2_wide_shallow_1024d_23M_2ep,3400,10824,2.0503,8
S2_wide_shallow_1024d_23M_2ep,3450,10824,1.9611,7
S2_wide_shallow_1024d_23M_2ep,3500,10824,1.9148,7
S2_wide_shallow_1024d_23M_2ep,3550,10824,2.0461,8
S2_wide_shallow_1024d_23M_2ep,3600,10824,2.2190,9
S2_wide_shallow_1024d_23M_2ep,3650,10824,2.2777,10
S2_wide_shallow_1024d_23M_2ep,3700,10824,1.8399,6
S2_wide_shallow_1024d_23M_2ep,3750,10824,1.9499,7
S2_wide_shallow_1024d_23M_2ep,3800,10824,1.9456,7
S2_wide_shallow_1024d_23M_2ep,3850,10824,1.8027,6
S2_wide_shallow_1024d_23M_2ep,3900,10824,1.8930,7
S2_wide_shallow_1024d_23M_2ep,3950,10824,1.9172,7
S2_wide_shallow_1024d_23M_2ep,4000,10824,2.0305,8
S2_wide_shallow_1024d_23M_2ep,4050,10824,1.7857,6
S2_wide_shallow_1024d_23M_2ep,4100,10824,1.5958,5
S2_wide_shallow_1024d_23M_2ep,4150,10824,2.0263,8
S2_wide_shallow_1024d_23M_2ep,4200,10824,2.1938,9
S2_wide_shallow_1024d_23M_2ep,4250,10824,1.9802,7
S2_wide_shallow_1024d_23M_2ep,4300,10824,1.9911,7
S2_wide_shallow_1024d_23M_2ep,4350,10824,2.0042,7
S2_wide_shallow_1024d_23M_2ep,4400,10824,2.2086,9
S2_wide_shallow_1024d_23M_2ep,4450,10824,1.7499,6
S2_wide_shallow_1024d_23M_2ep,4500,10824,1.9293,7
S2_wide_shallow_1024d_23M_2ep,4550,10824,1.9157,7
S2_wide_shallow_1024d_23M_2ep,4600,10824,1.8214,6
S2_wide_shallow_1024d_23M_2ep,4650,10824,1.8537,6
S2_wide_shallow_1024d_23M_2ep,4700,10824,2.0929,8
S2_wide_shallow_1024d_23M_2ep,4750,10824,1.8382,6
S2_wide_shallow_1024d_23M_2ep,4800,10824,1.8587,6
S2_wide_shallow_1024d_23M_2ep,4850,10824,2.4804,12
S2_wide_shallow_1024d_23M_2ep,4900,10824,1.8296,6
S2_wide_shallow_1024d_23M_2ep,4950,10824,2.0799,8
S2_wide_shallow_1024d_23M_2ep,5000,10824,1.8675,6
S2_wide_shallow_1024d_23M_2ep,5050,10824,1.8880,7
S2_wide_shallow_1024d_23M_2ep,5100,10824,1.9255,7
S2_wide_shallow_1024d_23M_2ep,5150,10824,2.0705,8
S2_wide_shallow_1024d_23M_2ep,5200,10824,1.9868,7
S2_wide_shallow_1024d_23M_2ep,5250,10824,1.7888,6
S2_wide_shallow_1024d_23M_2ep,5300,10824,1.8001,6
S2_wide_shallow_1024d_23M_2ep,5350,10824,1.7502,6
S2_wide_shallow_1024d_23M_2ep,5400,10824,1.8251,6
S2_wide_shallow_1024d_23M_2ep,5450,10824,1.5246,5
S2_wide_shallow_1024d_23M_2ep,5500,10824,1.5396,5
S2_wide_shallow_1024d_23M_2ep,5550,10824,1.8412,6
S2_wide_shallow_1024d_23M_2ep,5600,10824,1.7171,6
S2_wide_shallow_1024d_23M_2ep,5650,10824,1.7301,6
S2_wide_shallow_1024d_23M_2ep,5700,10824,1.8625,6
S2_wide_shallow_1024d_23M_2ep,5750,10824,1.6719,5
S2_wide_shallow_1024d_23M_2ep,5800,10824,1.7779,6
S2_wide_shallow_1024d_23M_2ep,5850,10824,1.9601,7
S2_wide_shallow_1024d_23M_2ep,5900,10824,1.7854,6
S2_wide_shallow_1024d_23M_2ep,5950,10824,1.6530,5
S2_wide_shallow_1024d_23M_2ep,6000,10824,1.8322,6
S2_wide_shallow_1024d_23M_2ep,6050,10824,1.7031,5
S2_wide_shallow_1024d_23M_2ep,6100,10824,1.6758,5
S2_wide_shallow_1024d_23M_2ep,6150,10824,1.7078,6
S2_wide_shallow_1024d_23M_2ep,6200,10824,2.0393,8
S2_wide_shallow_1024d_23M_2ep,6250,10824,1.9258,7
S2_wide_shallow_1024d_23M_2ep,6300,10824,1.8425,6
S2_wide_shallow_1024d_23M_2ep,6350,10824,1.7162,6
S2_wide_shallow_1024d_23M_2ep,6400,10824,1.6158,5
S2_wide_shallow_1024d_23M_2ep,6450,10824,1.7116,6
S2_wide_shallow_1024d_23M_2ep,6500,10824,1.8473,6
S2_wide_shallow_1024d_23M_2ep,6550,10824,1.5338,5
S2_wide_shallow_1024d_23M_2ep,6600,10824,1.5710,5
S2_wide_shallow_1024d_23M_2ep,6650,10824,1.7261,6
S2_wide_shallow_1024d_23M_2ep,6700,10824,1.7923,6
S2_wide_shallow_1024d_23M_2ep,6750,10824,1.8042,6
S2_wide_shallow_1024d_23M_2ep,6800,10824,1.5508,5
S2_wide_shallow_1024d_23M_2ep,6850,10824,1.9808,7
S2_wide_shallow_1024d_23M_2ep,6900,10824,1.6811,5
S2_wide_shallow_1024d_23M_2ep,6950,10824,1.8122,6
S2_wide_shallow_1024d_23M_2ep,7000,10824,1.7098,6
S2_wide_shallow_1024d_23M_2ep,7050,10824,1.7609,6
S2_wide_shallow_1024d_23M_2ep,7100,10824,1.6632,5
S2_wide_shallow_1024d_23M_2ep,7150,10824,1.9073,7
S2_wide_shallow_1024d_23M_2ep,7200,10824,2.0937,8
S2_wide_shallow_1024d_23M_2ep,7250,10824,1.7081,6
S2_wide_shallow_1024d_23M_2ep,7300,10824,1.8110,6
S2_wide_shallow_1024d_23M_2ep,7350,10824,1.5347,5
S2_wide_shallow_1024d_23M_2ep,7400,10824,1.7095,6
S2_wide_shallow_1024d_23M_2ep,7450,10824,1.7431,6
S2_wide_shallow_1024d_23M_2ep,7500,10824,1.6482,5
S2_wide_shallow_1024d_23M_2ep,7550,10824,1.8029,6
S2_wide_shallow_1024d_23M_2ep,7600,10824,1.8948,7
S2_wide_shallow_1024d_23M_2ep,7650,10824,1.6576,5
S2_wide_shallow_1024d_23M_2ep,7700,10824,1.6645,5
S2_wide_shallow_1024d_23M_2ep,7750,10824,1.6836,5
S2_wide_shallow_1024d_23M_2ep,7800,10824,1.4722,4
S2_wide_shallow_1024d_23M_2ep,7850,10824,1.7118,6
S2_wide_shallow_1024d_23M_2ep,7900,10824,1.7495,6
S2_wide_shallow_1024d_23M_2ep,7950,10824,1.8230,6
S2_wide_shallow_1024d_23M_2ep,8000,10824,1.6222,5
S2_wide_shallow_1024d_23M_2ep,8050,10824,1.5193,5
S2_wide_shallow_1024d_23M_2ep,8100,10824,1.8717,6
S2_wide_shallow_1024d_23M_2ep,8150,10824,1.6815,5
S2_wide_shallow_1024d_23M_2ep,8200,10824,1.6574,5
S2_wide_shallow_1024d_23M_2ep,8250,10824,1.6782,5
S2_wide_shallow_1024d_23M_2ep,8300,10824,1.7679,6
S2_wide_shallow_1024d_23M_2ep,8350,10824,1.6456,5
S2_wide_shallow_1024d_23M_2ep,8400,10824,1.8314,6
S2_wide_shallow_1024d_23M_2ep,8450,10824,1.6100,5
S2_wide_shallow_1024d_23M_2ep,8500,10824,1.6294,5
S2_wide_shallow_1024d_23M_2ep,8550,10824,1.6142,5
S2_wide_shallow_1024d_23M_2ep,8600,10824,1.7427,6
S2_wide_shallow_1024d_23M_2ep,8650,10824,1.6349,5
S2_wide_shallow_1024d_23M_2ep,8700,10824,1.7055,6
S2_wide_shallow_1024d_23M_2ep,8750,10824,1.7636,6
S2_wide_shallow_1024d_23M_2ep,8800,10824,1.6588,5
S2_wide_shallow_1024d_23M_2ep,8850,10824,1.6113,5
S2_wide_shallow_1024d_23M_2ep,8900,10824,1.7779,6
S2_wide_shallow_1024d_23M_2ep,8950,10824,1.4766,4
S2_wide_shallow_1024d_23M_2ep,9000,10824,1.7279,6
S2_wide_shallow_1024d_23M_2ep,9050,10824,1.7320,6
S2_wide_shallow_1024d_23M_2ep,9100,10824,1.6407,5
S2_wide_shallow_1024d_23M_2ep,9150,10824,1.7202,6
S2_wide_shallow_1024d_23M_2ep,9200,10824,1.7498,6
S2_wide_shallow_1024d_23M_2ep,9250,10824,1.7180,6
S2_wide_shallow_1024d_23M_2ep,9300,10824,1.7675,6
S2_wide_shallow_1024d_23M_2ep,9350,10824,1.7723,6
S2_wide_shallow_1024d_23M_2ep,9400,10824,1.5598,5
S2_wide_shallow_1024d_23M_2ep,9450,10824,1.5434,5
S2_wide_shallow_1024d_23M_2ep,9500,10824,1.4879,4
S2_wide_shallow_1024d_23M_2ep,9550,10824,1.6043,5
S2_wide_shallow_1024d_23M_2ep,9600,10824,1.6581,5
S2_wide_shallow_1024d_23M_2ep,9650,10824,1.7387,6
S2_wide_shallow_1024d_23M_2ep,9700,10824,1.6856,5
S2_wide_shallow_1024d_23M_2ep,9750,10824,1.7062,6
S2_wide_shallow_1024d_23M_2ep,9800,10824,1.6280,5
S2_wide_shallow_1024d_23M_2ep,9850,10824,1.5411,5
S2_wide_shallow_1024d_23M_2ep,9900,10824,1.7211,6
S2_wide_shallow_1024d_23M_2ep,9950,10824,1.5282,5
S2_wide_shallow_1024d_23M_2ep,10000,10824,1.6628,5
S2_wide_shallow_1024d_23M_2ep,10050,10824,1.7414,6
S2_wide_shallow_1024d_23M_2ep,10100,10824,1.4419,4
S2_wide_shallow_1024d_23M_2ep,10150,10824,1.6273,5
S2_wide_shallow_1024d_23M_2ep,10200,10824,1.4132,4
S2_wide_shallow_1024d_23M_2ep,10250,10824,1.6799,5
S2_wide_shallow_1024d_23M_2ep,10300,10824,1.3433,4
S2_wide_shallow_1024d_23M_2ep,10350,10824,1.4695,4
S2_wide_shallow_1024d_23M_2ep,10400,10824,1.7326,6
S2_wide_shallow_1024d_23M_2ep,10450,10824,1.5857,5
S2_wide_shallow_1024d_23M_2ep,10500,10824,1.4431,4
S2_wide_shallow_1024d_23M_2ep,10550,10824,1.6089,5
S2_wide_shallow_1024d_23M_2ep,10600,10824,1.5068,5
S2_wide_shallow_1024d_23M_2ep,10650,10824,1.2481,3
S2_wide_shallow_1024d_23M_2ep,10700,10824,1.3522,4
S2_wide_shallow_1024d_23M_2ep,10750,10824,1.4122,4
S2_wide_shallow_1024d_23M_2ep,10800,10824,1.5216,5
